{"1": {"0.01": -0.0019128558924421668, "0.05": -0.004506770987063646, "0.1": -0.022890349850058556, "0.15": -0.041016194969415665, "0.2": -0.07340875267982483, "0.25": -0.10348645597696304, "0.3": -0.15518061816692352, "0.35": -0.17422156035900116, "0.4": -0.26096057891845703, "0.45": -0.3650493919849396}, "2": {"0.01": -0.0026795100420713425, "0.05": -0.008562684059143066, "0.1": -0.02738664485514164, "0.15": -0.05573517084121704, "0.2": -0.10209564119577408, "0.25": -0.13934481143951416, "0.3": -0.16519121825695038, "0.35": -0.2221071571111679, "0.4": -0.3053450584411621, "0.45": -0.38925012946128845}, "3": {"0.01": -0.0035511930473148823, "0.05": -0.010681211948394775, "0.1": -0.02716009132564068, "0.15": -0.053539566695690155, "0.2": -0.07150617986917496, "0.25": -0.10752154141664505, "0.3": -0.15253375470638275, "0.35": -0.20022614300251007, "0.4": -0.3361966907978058, "0.45": -0.4191621243953705}, "4": {"0.01": -0.0024453187361359596, "0.05": -0.012246961705386639, "0.1": -0.0315140038728714, "0.15": -0.05063314735889435, "0.2": -0.0812307596206665, "0.25": -0.09335789084434509, "0.3": -0.12232112139463425, "0.35": -0.15759925544261932, "0.4": -0.21170617640018463, "0.45": -0.3159768581390381}, "5": {"0.01": -0.0019180960953235626, "0.05": -0.008477531373500824, "0.1": -0.023077931255102158, "0.15": -0.050604015588760376, "0.2": -0.1049935594201088, "0.25": -0.15542884171009064, "0.3": -0.17712785303592682, "0.35": -0.21426990628242493, "0.4": -0.3075020909309387, "0.45": -0.38829895853996277}, "6": {"0.01": -0.0027680995408445597, "0.05": -0.007326384074985981, "0.1": -0.0158267542719841, "0.15": -0.028273912146687508, "0.2": -0.07902543246746063, "0.25": -0.12854616343975067, "0.3": -0.16800875961780548, "0.35": -0.20371559262275696, "0.4": -0.2651328146457672, "0.45": -0.36312568187713623}, "7": {"0.01": -0.00216849148273468, "0.05": -0.01085921935737133, "0.1": -0.01994621567428112, "0.15": -0.055222004652023315, "0.2": -0.1012544184923172, "0.25": -0.16540074348449707, "0.3": -0.2682288587093353, "0.35": -0.38445666432380676, "0.4": -0.446053683757782, "0.45": -0.56024569272995}, "8": {"0.01": -0.003155015641823411, "0.05": -0.014673832803964615, "0.1": -0.035002805292606354, "0.15": -0.05276705324649811, "0.2": -0.09319952130317688, "0.25": -0.15848790109157562, "0.3": -0.20244981348514557, "0.35": -0.29168975353240967, "0.4": -0.4603155255317688, "0.45": -0.5829514861106873}, "9": {"0.01": -0.0021731555461883545, "0.05": -0.007138658780604601, "0.1": -0.01957901194691658, "0.15": -0.05999517813324928, "0.2": -0.09633424133062363, "0.25": -0.12483470141887665, "0.3": -0.16396966576576233, "0.35": -0.2133658230304718, "0.4": -0.2944490611553192, "0.45": -0.38376161456108093}, "10": {"0.01": -0.0021705497056245804, "0.05": -0.009065985679626465, "0.1": -0.022941013798117638, "0.15": -0.04083989933133125, "0.2": -0.09072990715503693, "0.25": -0.1272578239440918, "0.3": -0.1863335371017456, "0.35": -0.30407026410102844, "0.4": -0.4437556266784668, "0.45": -0.5612834692001343}, "11": {"0.01": -0.004773559980094433, "0.05": -0.01498052291572094, "0.1": -0.046177905052900314, "0.15": -0.0807967558503151, "0.2": -0.1196179911494255, "0.25": -0.14525368809700012, "0.3": -0.23575986921787262, "0.35": -0.27792543172836304, "0.4": -0.4001685678958893, "0.45": -0.5111935138702393}, "12": {"0.01": -0.0013184944400563836, "0.05": -0.008759500458836555, "0.1": -0.02401338703930378, "0.15": -0.06434868276119232, "0.2": -0.11189639568328857, "0.25": -0.16518382728099823, "0.3": -0.2472178041934967, "0.35": -0.3454013466835022, "0.4": -0.49375441670417786, "0.45": -0.609434962272644}, "13": {"0.01": -0.0016937594627961516, "0.05": -0.017888011410832405, "0.1": -0.060387153178453445, "0.15": -0.11522088944911957, "0.2": -0.16707751154899597, "0.25": -0.19923771917819977, "0.3": -0.28346338868141174, "0.35": -0.4059116840362549, "0.4": -0.4940072000026703, "0.45": -0.6250184774398804}, "14": {"0.01": -0.0024548221845179796, "0.05": -0.01606806367635727, "0.1": -0.028281258419156075, "0.15": -0.055363979190588, "0.2": -0.1174255907535553, "0.25": -0.17484378814697266, "0.3": -0.23814786970615387, "0.35": -0.3087586462497711, "0.4": -0.4501038193702698, "0.45": -0.548656702041626}, "15": {"0.01": -0.001321287709288299, "0.05": -0.00508749857544899, "0.1": -0.018426071852445602, "0.15": -0.07093893736600876, "0.2": -0.10303813219070435, "0.25": -0.19046789407730103, "0.3": -0.2937253415584564, "0.35": -0.3611326813697815, "0.4": -0.5303748846054077, "0.45": -0.5789211392402649}, "16": {"0.01": -0.0021649219561368227, "0.05": -0.017236825078725815, "0.1": -0.03717033565044403, "0.15": -0.05985824763774872, "0.2": -0.10156480222940445, "0.25": -0.13367971777915955, "0.3": -0.19284111261367798, "0.35": -0.23347704112529755, "0.4": -0.36246708035469055, "0.45": -0.5670183897018433}, "17": {"0.01": -0.001029275357723236, "0.05": -0.008231614716351032, "0.1": -0.02150687761604786, "0.15": -0.03289540484547615, "0.2": -0.08474182337522507, "0.25": -0.17348922789096832, "0.3": -0.28832554817199707, "0.35": -0.35125982761383057, "0.4": -0.43573155999183655, "0.45": -0.5425782203674316}, "18": {"0.01": -0.001319078030064702, "0.05": -0.029152024537324905, "0.1": -0.06719471514225006, "0.15": -0.09043265134096146, "0.2": -0.162611722946167, "0.25": -0.20582492649555206, "0.3": -0.2880885601043701, "0.35": -0.36404383182525635, "0.4": -0.43434619903564453, "0.45": -0.5963068604469299}, "19": {"0.01": -0.0009079362498596311, "0.05": -0.00590601097792387, "0.1": -0.024187788367271423, "0.15": -0.04669016972184181, "0.2": -0.09503701329231262, "0.25": -0.12041498720645905, "0.3": -0.1475687474012375, "0.35": -0.18905624747276306, "0.4": -0.2903869152069092, "0.45": -0.4525355398654938}, "20": {"0.01": -0.0019098572665825486, "0.05": -0.014517547562718391, "0.1": -0.05236668512225151, "0.15": -0.10360661894083023, "0.2": -0.16535495221614838, "0.25": -0.1990426778793335, "0.3": -0.27816352248191833, "0.35": -0.4020286798477173, "0.4": -0.4618304967880249, "0.45": -0.6177599430084229}, "21": {"0.01": -0.001028234139084816, "0.05": -0.02173931524157524, "0.1": -0.037124551832675934, "0.15": -0.078363798558712, "0.2": -0.12936067581176758, "0.25": -0.15688762068748474, "0.3": -0.21556492149829865, "0.35": -0.26158350706100464, "0.4": -0.3793104290962219, "0.45": -0.4512488543987274}}