{"1": {"0.01": -0.00015834848454687744, "0.05": -0.006531682796776295, "0.1": -0.02859155461192131, "0.15": -0.05440593883395195, "0.2": -0.10814911127090454, "0.25": -0.1672208458185196, "0.3": -0.18614178895950317, "0.35": -0.24349288642406464, "0.4": -0.30298301577568054, "0.45": -0.3724634647369385}, "2": {"0.01": -0.00012330067693255842, "0.05": -0.00751049630343914, "0.1": -0.026862647384405136, "0.15": -0.05431224778294563, "0.2": -0.0944814682006836, "0.25": -0.15950745344161987, "0.3": -0.20481254160404205, "0.35": -0.24977615475654602, "0.4": -0.2885095477104187, "0.45": -0.39633873105049133}, "3": {"0.01": -0.0008022179827094078, "0.05": -0.005866457708179951, "0.1": -0.016281267628073692, "0.15": -0.04794330522418022, "0.2": -0.13885684311389923, "0.25": -0.19593963027000427, "0.3": -0.24269609153270721, "0.35": -0.29273760318756104, "0.4": -0.3669421076774597, "0.45": -0.4749514162540436}, "4": {"0.01": -1.3006494555156678e-05, "0.05": -0.004662006627768278, "0.1": -0.012418150901794434, "0.15": -0.03254413977265358, "0.2": -0.054966483265161514, "0.25": -0.13102670013904572, "0.3": -0.16992919147014618, "0.35": -0.23631078004837036, "0.4": -0.34043577313423157, "0.45": -0.3738594651222229}, "5": {"0.01": -0.00048763060476630926, "0.05": -0.010844334959983826, "0.1": -0.017870988696813583, "0.15": -0.05589485540986061, "0.2": -0.14098742604255676, "0.25": -0.1896902173757553, "0.3": -0.24033048748970032, "0.35": -0.28287002444267273, "0.4": -0.36505699157714844, "0.45": -0.47011280059814453}, "6": {"0.01": -7.888963409641292e-06, "0.05": -0.005894484929740429, "0.1": -0.01393248699605465, "0.15": -0.03423114866018295, "0.2": -0.05945136398077011, "0.25": -0.08481264859437943, "0.3": -0.16258206963539124, "0.35": -0.19470253586769104, "0.4": -0.26055610179901123, "0.45": -0.33075425028800964}, "7": {"0.01": -0.00012337036605458707, "0.05": -0.0136910080909729, "0.1": -0.02399381995201111, "0.15": -0.0505683571100235, "0.2": -0.1032274067401886, "0.25": -0.14398163557052612, "0.3": -0.2163834273815155, "0.35": -0.2661456763744354, "0.4": -0.3584609031677246, "0.45": -0.4292663037776947}, "8": {"0.01": -4.005937807960436e-05, "0.05": -0.022268209606409073, "0.1": -0.05116921663284302, "0.15": -0.14391672611236572, "0.2": -0.19871455430984497, "0.25": -0.2242255061864853, "0.3": -0.2914852499961853, "0.35": -0.3468654453754425, "0.4": -0.3941364586353302, "0.45": -0.4849267899990082}, "9": {"0.01": -5.4221413847699296e-06, "0.05": -0.0034995090682059526, "0.1": -0.012315538711845875, "0.15": -0.036768652498722076, "0.2": -0.06266477704048157, "0.25": -0.11094208061695099, "0.3": -0.20691485702991486, "0.35": -0.2519935965538025, "0.4": -0.3380427360534668, "0.45": -0.40820467472076416}, "10": {"0.01": -0.00010888007818721235, "0.05": -0.00665788259357214, "0.1": -0.017698710784316063, "0.15": -0.036848850548267365, "0.2": -0.10229059308767319, "0.25": -0.16187432408332825, "0.3": -0.2055516093969345, "0.35": -0.2808375060558319, "0.4": -0.402873694896698, "0.45": -0.5095721483230591}, "11": {"0.01": -1.89241036423482e-05, "0.05": -0.0013217900414019823, "0.1": -0.009608613327145576, "0.15": -0.035881441086530685, "0.2": -0.07610116899013519, "0.25": -0.11213545501232147, "0.3": -0.1659584492444992, "0.35": -0.2371804565191269, "0.4": -0.2808375060558319, "0.45": -0.3460058271884918}, "12": {"0.01": -0.003077856032177806, "0.05": -0.013848581351339817, "0.1": -0.05069240182638168, "0.15": -0.09390067309141159, "0.2": -0.13493600487709045, "0.25": -0.23827967047691345, "0.3": -0.32545506954193115, "0.35": -0.3587728440761566, "0.4": -0.42886486649513245, "0.45": -0.5899385213851929}, "13": {"0.01": -0.0009065885096788406, "0.05": -0.01082562655210495, "0.1": -0.0397222526371479, "0.15": -0.07726346701383591, "0.2": -0.1502411961555481, "0.25": -0.18614168465137482, "0.3": -0.23071584105491638, "0.35": -0.3114132881164551, "0.4": -0.36815857887268066, "0.45": -0.4668038487434387}, "14": {"0.01": -0.0002957763208542019, "0.05": -0.004592957906424999, "0.1": -0.01573234610259533, "0.15": -0.02825385145843029, "0.2": -0.06326509267091751, "0.25": -0.14313384890556335, "0.3": -0.2180168479681015, "0.35": -0.35278093814849854, "0.4": -0.39564236998558044, "0.45": -0.5822263956069946}, "15": {"0.01": -0.00013976555783301592, "0.05": -0.006536582484841347, "0.1": -0.030493948608636856, "0.15": -0.041553933173418045, "0.2": -0.0692019984126091, "0.25": -0.14017140865325928, "0.3": -0.17870746552944183, "0.35": -0.2150517851114273, "0.4": -0.3444545269012451, "0.45": -0.41563835740089417}, "16": {"0.01": -0.0021786275319755077, "0.05": -0.008542065508663654, "0.1": -0.015559052117168903, "0.15": -0.05171437934041023, "0.2": -0.13440939784049988, "0.25": -0.17932839691638947, "0.3": -0.1987147033214569, "0.35": -0.2233562171459198, "0.4": -0.26729515194892883, "0.45": -0.3154290020465851}, "17": {"0.01": -6.143945029180031e-06, "0.05": -0.009465230628848076, "0.1": -0.022160636261105537, "0.15": -0.07385124266147614, "0.2": -0.14046311378479004, "0.25": -0.19739848375320435, "0.3": -0.2193690687417984, "0.35": -0.2857747972011566, "0.4": -0.3535028100013733, "0.45": -0.39258745312690735}, "18": {"0.01": -6.961961844353937e-06, "0.05": -0.0027866987511515617, "0.1": -0.015576840378344059, "0.15": -0.031340181827545166, "0.2": -0.09983132034540176, "0.25": -0.15455178916454315, "0.3": -0.20206567645072937, "0.35": -0.2880726754665375, "0.4": -0.4129091501235962, "0.45": -0.5357295870780945}, "19": {"0.01": -5.143540693097748e-05, "0.05": -0.009614422917366028, "0.1": -0.04176716506481171, "0.15": -0.07340875267982483, "0.2": -0.13358646631240845, "0.25": -0.19950121641159058, "0.3": -0.27949783205986023, "0.35": -0.3323107957839966, "0.4": -0.42633089423179626, "0.45": -0.48312118649482727}, "20": {"0.01": -5.8285142586100847e-05, "0.05": -0.009497769176959991, "0.1": -0.03881879523396492, "0.15": -0.08463312685489655, "0.2": -0.11979866772890091, "0.25": -0.1608077436685562, "0.3": -0.23310089111328125, "0.35": -0.2986334562301636, "0.4": -0.4270450472831726, "0.45": -0.5592418909072876}, "21": {"0.01": -1.3006508197577205e-05, "0.05": -0.01071785669773817, "0.1": -0.0366140715777874, "0.15": -0.07058066129684448, "0.2": -0.12582679092884064, "0.25": -0.20268231630325317, "0.3": -0.2505841851234436, "0.35": -0.3646363914012909, "0.4": -0.42028066515922546, "0.45": -0.507409930229187}}