{"1": {"0.01": -0.0028590457513928413, "0.05": -0.00534755690023303, "0.1": -0.007667277939617634, "0.15": -0.008506646379828453, "0.2": -0.009844980202615261, "0.25": -0.01272749062627554, "0.3": -0.019579080864787102, "0.35": -0.02132214978337288, "0.4": -0.024296056479215622, "0.45": -0.02582770586013794}, "2": {"0.01": -4.859299951931462e-05, "0.05": -0.0014645092887803912, "0.1": -0.0037126874085515738, "0.15": -0.005844036117196083, "0.2": -0.008286471478641033, "0.25": -0.011455174535512924, "0.3": -0.022480182349681854, "0.35": -0.039451323449611664, "0.4": -0.06820710003376007, "0.45": -0.11968549340963364}, "3": {"0.01": -2.565777685958892e-05, "0.05": -0.0007224997389130294, "0.1": -0.0018080243607982993, "0.15": -0.003307331120595336, "0.2": -0.007210473529994488, "0.25": -0.012264122255146503, "0.3": -0.027914293110370636, "0.35": -0.04800582304596901, "0.4": -0.07420595735311508, "0.45": -0.14809967577457428}, "4": {"0.01": -7.266476586664794e-06, "0.05": -3.4524433431215584e-05, "0.1": -0.0004970264271833003, "0.15": -0.0016423932975158095, "0.2": -0.002239763271063566, "0.25": -0.010712090879678726, "0.3": -0.018718600273132324, "0.35": -0.030800996348261833, "0.4": -0.056439176201820374, "0.45": -0.11690230667591095}, "5": {"0.01": -3.205260873073712e-05, "0.05": -0.00021183023636694998, "0.1": -0.0006900522275827825, "0.15": -0.004038114566355944, "0.2": -0.035395219922065735, "0.25": -0.09086740016937256, "0.3": -0.11845798045396805, "0.35": -0.21480251848697662, "0.4": -0.2986287474632263, "0.45": -0.49581506848335266}, "6": {"0.01": -1.9743249140447006e-05, "0.05": -2.2529611669597216e-05, "0.1": -9.062662138603628e-05, "0.15": -0.0009170867269858718, "0.2": -0.0036031848285347223, "0.25": -0.020736603066325188, "0.3": -0.058078937232494354, "0.35": -0.07478884607553482, "0.4": -0.24306409060955048, "0.45": -0.2807632088661194}, "7": {"0.01": -0.00012209115084260702, "0.05": -0.0008955419179983437, "0.1": -0.007374996785074472, "0.15": -0.03142145276069641, "0.2": -0.0588943250477314, "0.25": -0.0704047903418541, "0.3": -0.13662289083003998, "0.35": -0.20188403129577637, "0.4": -0.28375232219696045, "0.45": -0.38080382347106934}, "8": {"0.01": -0.0001315662666456774, "0.05": -0.00027091879746876657, "0.1": -0.007911015301942825, "0.15": -0.02591218799352646, "0.2": -0.05938081070780754, "0.25": -0.09982725232839584, "0.3": -0.21795082092285156, "0.35": -0.31165164709091187, "0.4": -0.37885668873786926, "0.45": -0.4960676431655884}, "9": {"0.01": -0.0005416470230557024, "0.05": -0.004984111059457064, "0.1": -0.055542487651109695, "0.15": -0.21745523810386658, "0.2": -0.2423885017633438, "0.25": -0.27836963534355164, "0.3": -0.3157885670661926, "0.35": -0.43028873205184937, "0.4": -0.5277881026268005, "0.45": -0.6294024586677551}, "10": {"0.01": -0.00012729698210023344, "0.05": -0.007433916442096233, "0.1": -0.012613209895789623, "0.15": -0.10020128637552261, "0.2": -0.23714414238929749, "0.25": -0.3124326467514038, "0.3": -0.4770106375217438, "0.35": -0.5565133690834045, "0.4": -0.6231886744499207, "0.45": -0.657163143157959}, "11": {"0.01": -8.466187136946246e-05, "0.05": -0.0007584187551401556, "0.1": -0.018729165196418762, "0.15": -0.025645727291703224, "0.2": -0.04681635648012161, "0.25": -0.1627098172903061, "0.3": -0.318510502576828, "0.35": -0.44760096073150635, "0.4": -0.46263402700424194, "0.45": -0.5285242795944214}, "12": {"0.01": -0.0003254709008615464, "0.05": -0.003808251116424799, "0.1": -0.02942114695906639, "0.15": -0.04288192093372345, "0.2": -0.07578442990779877, "0.25": -0.18581117689609528, "0.3": -0.3068341910839081, "0.35": -0.3680881857872009, "0.4": -0.5843700766563416, "0.45": -0.7029291987419128}, "13": {"0.01": -0.006763188634067774, "0.05": -0.013001625426113605, "0.1": -0.03415447846055031, "0.15": -0.09143047034740448, "0.2": -0.1788713037967682, "0.25": -0.36164745688438416, "0.3": -0.44772547483444214, "0.35": -0.6389647722244263, "0.4": -0.7129721641540527, "0.45": -0.7590691447257996}, "14": {"0.01": -6.746140570612624e-05, "0.05": -0.04970085620880127, "0.1": -0.10717886686325073, "0.15": -0.19775474071502686, "0.2": -0.459351509809494, "0.25": -0.5508137345314026, "0.3": -0.6749852895736694, "0.35": -0.6869648098945618, "0.4": -0.7313248515129089, "0.45": -0.768556535243988}, "15": {"0.01": -6.21270010014996e-05, "0.05": -0.06664711236953735, "0.1": -0.15139952301979065, "0.15": -0.2216365933418274, "0.2": -0.3805950880050659, "0.25": -0.46241042017936707, "0.3": -0.545816957950592, "0.35": -0.6231518983840942, "0.4": -0.6480593085289001, "0.45": -0.7370783090591431}, "16": {"0.01": -0.00011259693565079942, "0.05": -0.03348216786980629, "0.1": -0.17311829328536987, "0.15": -0.19873706996440887, "0.2": -0.383870393037796, "0.25": -0.4833644926548004, "0.3": -0.5754459500312805, "0.35": -0.6823818683624268, "0.4": -0.7331976890563965, "0.45": -0.7688188552856445}, "17": {"0.01": -0.00022599675867240876, "0.05": -0.03410084545612335, "0.1": -0.18310943245887756, "0.15": -0.33093735575675964, "0.2": -0.40075021982192993, "0.25": -0.4958471953868866, "0.3": -0.6041454076766968, "0.35": -0.6245414018630981, "0.4": -0.673810601234436, "0.45": -0.7320582866668701}, "18": {"0.01": -0.0002358702477067709, "0.05": -0.014949865639209747, "0.1": -0.12668293714523315, "0.15": -0.22483988106250763, "0.2": -0.34335950016975403, "0.25": -0.47528913617134094, "0.3": -0.5358789563179016, "0.35": -0.6380311250686646, "0.4": -0.6610345244407654, "0.45": -0.6881393790245056}, "19": {"0.01": -0.0002228795492555946, "0.05": -0.05921905115246773, "0.1": -0.21176958084106445, "0.15": -0.3413057327270508, "0.2": -0.3810707628726959, "0.25": -0.4281313121318817, "0.3": -0.5159843564033508, "0.35": -0.6295557022094727, "0.4": -0.6435977816581726, "0.45": -0.667332649230957}, "20": {"0.01": -0.0009493528050370514, "0.05": -0.040364231914281845, "0.1": -0.21083533763885498, "0.15": -0.26550328731536865, "0.2": -0.37745171785354614, "0.25": -0.5096304416656494, "0.3": -0.6018993258476257, "0.35": -0.6787480711936951, "0.4": -0.7061131000518799, "0.45": -0.7467823028564453}, "21": {"0.01": -0.0008205875055864453, "0.05": -0.04590723291039467, "0.1": -0.07456397265195847, "0.15": -0.23708918690681458, "0.2": -0.43790411949157715, "0.25": -0.5283858776092529, "0.3": -0.5940129160881042, "0.35": -0.6420938372612, "0.4": -0.6784959435462952, "0.45": -0.7337237596511841}}