{"1": {"0.01": -0.0016309127677232027, "0.05": -0.001967256423085928, "0.1": -0.0036896297242492437, "0.15": -0.004553636070340872, "0.2": -0.008925816975533962, "0.25": -0.011875312775373459, "0.3": -0.015648435801267624, "0.35": -0.02132214978337288, "0.4": -0.024161161854863167, "0.45": -0.028809526935219765}, "2": {"0.01": -1.8569313397165388e-05, "0.05": -0.00012927051284350455, "0.1": -0.002144045429304242, "0.15": -0.0036689843982458115, "0.2": -0.008792096748948097, "0.25": -0.009592642076313496, "0.3": -0.01452997699379921, "0.35": -0.029732869938015938, "0.4": -0.05047038942575455, "0.45": -0.07413803786039352}, "3": {"0.01": -9.288585715694353e-06, "0.05": -0.0008502116543240845, "0.1": -0.0021180666517466307, "0.15": -0.002210661070421338, "0.2": -0.00460340129211545, "0.25": -0.007236442528665066, "0.3": -0.012503820471465588, "0.35": -0.018088750541210175, "0.4": -0.03946136683225632, "0.45": -0.15319465100765228}, "4": {"0.01": -1.0519795068830717e-05, "0.05": -5.604855323326774e-05, "0.1": -0.00010369814117439091, "0.15": -0.0009333032066933811, "0.2": -0.0025329426862299442, "0.25": -0.004741808865219355, "0.3": -0.006650031078606844, "0.35": -0.01646627113223076, "0.4": -0.11684482544660568, "0.45": -0.16363540291786194}, "5": {"0.01": -3.592384382500313e-05, "0.05": -0.0002347802510485053, "0.1": -0.0004257924447301775, "0.15": -0.0019021260086447, "0.2": -0.005693873856216669, "0.25": -0.008501463569700718, "0.3": -0.06376419961452484, "0.35": -0.11418787389993668, "0.4": -0.2140558809041977, "0.45": -0.33847835659980774}, "6": {"0.01": -3.282411489635706e-05, "0.05": -0.0002926650340668857, "0.1": -0.0006676309276372194, "0.15": -0.0017795542953535914, "0.2": -0.0039123487658798695, "0.25": -0.006804578937590122, "0.3": -0.018664928153157234, "0.35": -0.060130249708890915, "0.4": -0.11437662690877914, "0.45": -0.13267624378204346}, "7": {"0.01": -7.721451402176172e-05, "0.05": -0.0009078262373805046, "0.1": -0.008450768887996674, "0.15": -0.033311959356069565, "0.2": -0.049570996314287186, "0.25": -0.15148663520812988, "0.3": -0.27281370759010315, "0.35": -0.4032312333583832, "0.4": -0.4290408194065094, "0.45": -0.4869435727596283}, "8": {"0.01": -5.305765807861462e-05, "0.05": -0.00023369259724859148, "0.1": -0.0021073275711387396, "0.15": -0.03844871371984482, "0.2": -0.11607254296541214, "0.25": -0.1443411409854889, "0.3": -0.2499045431613922, "0.35": -0.42675191164016724, "0.4": -0.456387996673584, "0.45": -0.6300427913665771}, "9": {"0.01": -8.198563591577113e-05, "0.05": -0.0016038056928664446, "0.1": -0.011653275229036808, "0.15": -0.01817154511809349, "0.2": -0.06678900867700577, "0.25": -0.14390839636325836, "0.3": -0.21729686856269836, "0.35": -0.30685412883758545, "0.4": -0.4146568477153778, "0.45": -0.5526357293128967}, "10": {"0.01": -0.00022229246678762138, "0.05": -0.0016672774218022823, "0.1": -0.011972769163548946, "0.15": -0.06386813521385193, "0.2": -0.20869983732700348, "0.25": -0.26189443469047546, "0.3": -0.3392254412174225, "0.35": -0.44606485962867737, "0.4": -0.5892267227172852, "0.45": -0.6548802256584167}, "11": {"0.01": -5.9459664043970406e-05, "0.05": -0.0008359901839867234, "0.1": -0.0776088684797287, "0.15": -0.1381925344467163, "0.2": -0.179668590426445, "0.25": -0.18190091848373413, "0.3": -0.45559415221214294, "0.35": -0.5387423038482666, "0.4": -0.6378968954086304, "0.45": -0.7480595111846924}, "12": {"0.01": -5.537089964491315e-05, "0.05": -5.6289984058821574e-05, "0.1": -0.002464853459969163, "0.15": -0.04172730818390846, "0.2": -0.3044692575931549, "0.25": -0.3922315239906311, "0.3": -0.46794888377189636, "0.35": -0.6156387329101562, "0.4": -0.6783560514450073, "0.45": -0.7402995824813843}, "13": {"0.01": -0.0009142099297605455, "0.05": -0.009996850043535233, "0.1": -0.11124054342508316, "0.15": -0.16924218833446503, "0.2": -0.29887211322784424, "0.25": -0.3222821056842804, "0.3": -0.3694300949573517, "0.35": -0.5196806788444519, "0.4": -0.5366264581680298, "0.45": -0.6429567337036133}, "14": {"0.01": -6.650103023275733e-05, "0.05": -0.008839928545057774, "0.1": -0.05386406555771828, "0.15": -0.1714414358139038, "0.2": -0.24278894066810608, "0.25": -0.3246481418609619, "0.3": -0.3987725079059601, "0.35": -0.46159249544143677, "0.4": -0.5160307288169861, "0.45": -0.5413843989372253}, "15": {"0.01": -0.0006384302978403866, "0.05": -0.005616971291601658, "0.1": -0.21277843415737152, "0.15": -0.3739965558052063, "0.2": -0.3974481523036957, "0.25": -0.4414944648742676, "0.3": -0.5413040518760681, "0.35": -0.6251900792121887, "0.4": -0.6429877281188965, "0.45": -0.708862841129303}, "16": {"0.01": -9.161586058326066e-05, "0.05": -0.05733940377831459, "0.1": -0.2531375586986542, "0.15": -0.2994082570075989, "0.2": -0.407831609249115, "0.25": -0.456017404794693, "0.3": -0.5558639764785767, "0.35": -0.7036325335502625, "0.4": -0.7956565618515015, "0.45": -0.8522592782974243}, "17": {"0.01": -0.0018191997660323977, "0.05": -0.005213052034378052, "0.1": -0.018654238432645798, "0.15": -0.1280318647623062, "0.2": -0.25156518816947937, "0.25": -0.40350794792175293, "0.3": -0.576911985874176, "0.35": -0.6923206448554993, "0.4": -0.8331925272941589, "0.45": -0.8362690210342407}, "18": {"0.01": -8.201087621273473e-05, "0.05": -0.005257084500044584, "0.1": -0.06536104530096054, "0.15": -0.22745221853256226, "0.2": -0.32087740302085876, "0.25": -0.4372478425502777, "0.3": -0.5489163398742676, "0.35": -0.56861412525177, "0.4": -0.6760194301605225, "0.45": -0.781841516494751}, "19": {"0.01": -0.003449272131547332, "0.05": -0.026883166283369064, "0.1": -0.09430503845214844, "0.15": -0.15985479950904846, "0.2": -0.36102980375289917, "0.25": -0.5337176322937012, "0.3": -0.6225540041923523, "0.35": -0.7297649383544922, "0.4": -0.8250280618667603, "0.45": -0.8306971788406372}, "20": {"0.01": -0.006215898785740137, "0.05": -0.04655154421925545, "0.1": -0.23770971596240997, "0.15": -0.3570457398891449, "0.2": -0.5351827144622803, "0.25": -0.6051589846611023, "0.3": -0.6657707691192627, "0.35": -0.7991490364074707, "0.4": -0.8278118371963501, "0.45": -0.8362371921539307}, "21": {"0.01": -6.84126716805622e-05, "0.05": -0.005621131043881178, "0.1": -0.013546198606491089, "0.15": -0.11556969583034515, "0.2": -0.27050331234931946, "0.25": -0.39334428310394287, "0.3": -0.5993282794952393, "0.35": -0.6586005091667175, "0.4": -0.7149951457977295, "0.45": -0.7929150462150574}}