{"1": {"0.01": -0.0014343418879434466, "0.05": -0.0020835085306316614, "0.1": -0.0025820264127105474, "0.15": -0.003781516570597887, "0.2": -0.00534755690023303, "0.25": -0.007389222737401724, "0.3": -0.011875312775373459, "0.35": -0.018664808943867683, "0.4": -0.02044268511235714, "0.45": -0.02471940778195858}, "2": {"0.01": -1.2945370144734625e-05, "0.05": -4.602678745868616e-05, "0.1": -0.0016113071469590068, "0.15": -0.0021355857606977224, "0.2": -0.003515372285619378, "0.25": -0.007145508658140898, "0.3": -0.011261465027928352, "0.35": -0.017742685973644257, "0.4": -0.040260083973407745, "0.45": -0.08004738390445709}, "3": {"0.01": -2.565777685958892e-05, "0.05": -0.00011151147919008508, "0.1": -0.00048121227882802486, "0.15": -0.0013462428469210863, "0.2": -0.0017922230763360858, "0.25": -0.004325444810092449, "0.3": -0.009661709889769554, "0.35": -0.013900642283260822, "0.4": -0.06137818098068237, "0.45": -0.09181691706180573}, "4": {"0.01": -6.085134009481408e-05, "0.05": -0.0001270299544557929, "0.1": -0.0007951990119181573, "0.15": -0.0014550744090229273, "0.2": -0.002221945906057954, "0.25": -0.0046600583009421825, "0.3": -0.0059473589062690735, "0.35": -0.02256506122648716, "0.4": -0.04149900749325752, "0.45": -0.16387881338596344}, "5": {"0.01": -3.924814791389508e-06, "0.05": -6.784121796954423e-05, "0.1": -0.0007007488748058677, "0.15": -0.0013749438803642988, "0.2": -0.0037651353050023317, "0.25": -0.01732911914587021, "0.3": -0.028642071411013603, "0.35": -0.058447469025850296, "0.4": -0.1906876415014267, "0.45": -0.2670093774795532}, "6": {"0.01": -5.381173832574859e-05, "0.05": -0.0007172914338298142, "0.1": -0.0014702880289405584, "0.15": -0.010488227941095829, "0.2": -0.015390342101454735, "0.25": -0.03950585052371025, "0.3": -0.0588051937520504, "0.35": -0.1022847443819046, "0.4": -0.23794366419315338, "0.45": -0.27230173349380493}, "7": {"0.01": -3.0753530154470354e-05, "0.05": -0.0006106289802119136, "0.1": -0.0008754360023885965, "0.15": -0.0014534362126141787, "0.2": -0.0037395283579826355, "0.25": -0.01017359271645546, "0.3": -0.04132956638932228, "0.35": -0.10873574018478394, "0.4": -0.18652480840682983, "0.45": -0.27180832624435425}, "8": {"0.01": -0.0003083402698393911, "0.05": -0.00250288937240839, "0.1": -0.00580228865146637, "0.15": -0.008789165876805782, "0.2": -0.055124614387750626, "0.25": -0.113579660654068, "0.3": -0.19292627274990082, "0.35": -0.25973445177078247, "0.4": -0.34639203548431396, "0.45": -0.4454408884048462}, "9": {"0.01": -0.0003332705528009683, "0.05": -0.0014893260085955262, "0.1": -0.007507645525038242, "0.15": -0.04037242382764816, "0.2": -0.09740719944238663, "0.25": -0.21627281606197357, "0.3": -0.3157885670661926, "0.35": -0.3737054765224457, "0.4": -0.41321200132369995, "0.45": -0.5088326334953308}, "10": {"0.01": -0.0011034345952793956, "0.05": -0.005468356888741255, "0.1": -0.014015709049999714, "0.15": -0.05266809090971947, "0.2": -0.0783669650554657, "0.25": -0.08594685792922974, "0.3": -0.28384172916412354, "0.35": -0.4226420819759369, "0.4": -0.4434349536895752, "0.45": -0.5265413522720337}, "11": {"0.01": -0.0009070129017345607, "0.05": -0.012307248078286648, "0.1": -0.039262209087610245, "0.15": -0.07911855727434158, "0.2": -0.23164904117584229, "0.25": -0.39621642231941223, "0.3": -0.5267562866210938, "0.35": -0.6365402936935425, "0.4": -0.7400235533714294, "0.45": -0.8519665002822876}, "12": {"0.01": -0.0012483878526836634, "0.05": -0.012311682105064392, "0.1": -0.03469336777925491, "0.15": -0.13083241879940033, "0.2": -0.22005528211593628, "0.25": -0.39134085178375244, "0.3": -0.5247936844825745, "0.35": -0.5743197798728943, "0.4": -0.6975648999214172, "0.45": -0.7132395505905151}, "13": {"0.01": -0.001994707155972719, "0.05": -0.010713037103414536, "0.1": -0.046133190393447876, "0.15": -0.3386944532394409, "0.2": -0.41561663150787354, "0.25": -0.524484395980835, "0.3": -0.5506144762039185, "0.35": -0.600337028503418, "0.4": -0.7232846617698669, "0.45": -0.7293182015419006}, "14": {"0.01": -0.0014727885136380792, "0.05": -0.003104463452473283, "0.1": -0.03635730966925621, "0.15": -0.10717886686325073, "0.2": -0.20218035578727722, "0.25": -0.4980383813381195, "0.3": -0.6461257338523865, "0.35": -0.7289364337921143, "0.4": -0.7575808167457581, "0.45": -0.787585973739624}, "15": {"0.01": -0.0011160295689478517, "0.05": -0.02609347552061081, "0.1": -0.04299366846680641, "0.15": -0.16299684345722198, "0.2": -0.3842010498046875, "0.25": -0.46266964077949524, "0.3": -0.49445226788520813, "0.35": -0.6084940433502197, "0.4": -0.6890283226966858, "0.45": -0.7497892379760742}, "16": {"0.01": -0.0007204522844403982, "0.05": -0.09042562544345856, "0.1": -0.12678486108779907, "0.15": -0.3250046372413635, "0.2": -0.4690127372741699, "0.25": -0.5233487486839294, "0.3": -0.6048458814620972, "0.35": -0.6929410099983215, "0.4": -0.7167019844055176, "0.45": -0.742935299873352}, "17": {"0.01": -0.007645623758435249, "0.05": -0.03887875750660896, "0.1": -0.13030631840229034, "0.15": -0.1408381164073944, "0.2": -0.2020123302936554, "0.25": -0.2608725130558014, "0.3": -0.35713887214660645, "0.35": -0.5247646570205688, "0.4": -0.6095626354217529, "0.45": -0.6501937508583069}, "18": {"0.01": -0.005257084500044584, "0.05": -0.010871841572225094, "0.1": -0.17454853653907776, "0.15": -0.24157482385635376, "0.2": -0.33297106623649597, "0.25": -0.4626787006855011, "0.3": -0.56861412525177, "0.35": -0.6380311250686646, "0.4": -0.7006521821022034, "0.45": -0.7326613068580627}, "19": {"0.01": -0.003449272131547332, "0.05": -0.05041694641113281, "0.1": -0.1488371044397354, "0.15": -0.24190659821033478, "0.2": -0.4630332589149475, "0.25": -0.5218437314033508, "0.3": -0.6366078853607178, "0.35": -0.6984702944755554, "0.4": -0.7775794267654419, "0.45": -0.790237545967102}, "20": {"0.01": -0.0006879678694531322, "0.05": -0.021017711609601974, "0.1": -0.0493093878030777, "0.15": -0.27401939034461975, "0.2": -0.2964566946029663, "0.25": -0.5351827144622803, "0.3": -0.6214288473129272, "0.35": -0.6832289695739746, "0.4": -0.7177963256835938, "0.45": -0.7683709263801575}, "21": {"0.01": -0.004229179583489895, "0.05": -0.07456397265195847, "0.1": -0.27050331234931946, "0.15": -0.4866654872894287, "0.2": -0.5283858776092529, "0.25": -0.6186182498931885, "0.3": -0.7181550860404968, "0.35": -0.737250030040741, "0.4": -0.777998149394989, "0.45": -0.8008766770362854}}