{"1": {"0.01": -0.0003606165118981153, "0.05": -0.0032434575259685516, "0.1": -0.003781516570597887, "0.15": -0.006653137970715761, "0.2": -0.006960936821997166, "0.25": -0.007877005264163017, "0.3": -0.011384298093616962, "0.35": -0.011875312775373459, "0.4": -0.015111724846065044, "0.45": -0.018921788781881332}, "2": {"0.01": -6.849814326415071e-06, "0.05": -0.00029477980569936335, "0.1": -0.0011921002296730876, "0.15": -0.0030779256485402584, "0.2": -0.00320267747156322, "0.25": -0.004329530522227287, "0.3": -0.006644519977271557, "0.35": -0.008674924261868, "0.4": -0.01036216039210558, "0.45": -0.021688124164938927}, "3": {"0.01": -1.1327959327900317e-05, "0.05": -0.00011151147919008508, "0.1": -0.00040701296529732645, "0.15": -0.0013623925624415278, "0.2": -0.0038283795583993196, "0.25": -0.006161272991448641, "0.3": -0.008659119717776775, "0.35": -0.01841774582862854, "0.4": -0.04256712645292282, "0.45": -0.09408088028430939}, "4": {"0.01": -9.909690561471507e-05, "0.05": -0.00041494390461593866, "0.1": -0.0007027501706033945, "0.15": -0.0016413195990025997, "0.2": -0.004120993427932262, "0.25": -0.005396141204982996, "0.3": -0.007807360962033272, "0.35": -0.009504963643848896, "0.4": -0.021727493032813072, "0.45": -0.06460411101579666}, "5": {"0.01": -3.924814791389508e-06, "0.05": -8.444799459539354e-05, "0.1": -0.0002267088566441089, "0.15": -0.0005215341225266457, "0.2": -0.0012630560668185353, "0.25": -0.0042153713293373585, "0.3": -0.006263982504606247, "0.35": -0.012841125950217247, "0.4": -0.021280154585838318, "0.45": -0.11306219547986984}, "6": {"0.01": -3.868970088660717e-05, "0.05": -0.000179017661139369, "0.1": -0.0007675061351619661, "0.15": -0.0025154498871415854, "0.2": -0.009811483323574066, "0.25": -0.014300675131380558, "0.3": -0.03996067866683006, "0.35": -0.04927247390151024, "0.4": -0.11374440789222717, "0.45": -0.2239406853914261}, "7": {"0.01": -3.0977353162597865e-05, "0.05": -0.0007623314158990979, "0.1": -0.006161465775221586, "0.15": -0.03859740495681763, "0.2": -0.06923314183950424, "0.25": -0.1899336278438568, "0.3": -0.2994961142539978, "0.35": -0.3974558413028717, "0.4": -0.45354387164115906, "0.45": -0.5709989070892334}, "8": {"0.01": -0.00030971632804721594, "0.05": -0.00371955125592649, "0.1": -0.013056997209787369, "0.15": -0.0292422566562891, "0.2": -0.09502720832824707, "0.25": -0.1449560821056366, "0.3": -0.19673986732959747, "0.35": -0.2494497299194336, "0.4": -0.2990337908267975, "0.45": -0.41041842103004456}, "9": {"0.01": -0.0003930511011276394, "0.05": -0.001664616633206606, "0.1": -0.004777090158313513, "0.15": -0.04574686288833618, "0.2": -0.047781478613615036, "0.25": -0.14202271401882172, "0.3": -0.22057132422924042, "0.35": -0.2825874984264374, "0.4": -0.3339560925960541, "0.45": -0.4461992383003235}, "10": {"0.01": -0.0009147424134425819, "0.05": -0.013686032965779305, "0.1": -0.03967224434018135, "0.15": -0.1172579750418663, "0.2": -0.17534582316875458, "0.25": -0.22174221277236938, "0.3": -0.28384172916412354, "0.35": -0.3250636160373688, "0.4": -0.4195936322212219, "0.45": -0.5021932721138}, "11": {"0.01": -0.00021333174663595855, "0.05": -0.001248295302502811, "0.1": -0.0028673268388956785, "0.15": -0.027204785495996475, "0.2": -0.10123514384031296, "0.25": -0.15246303379535675, "0.3": -0.19096915423870087, "0.35": -0.2987304627895355, "0.4": -0.3992796540260315, "0.45": -0.5073751211166382}, "12": {"0.01": -0.00012262923701200634, "0.05": -0.0012483878526836634, "0.1": -0.06500186026096344, "0.15": -0.08595239371061325, "0.2": -0.14708968997001648, "0.25": -0.2382955700159073, "0.3": -0.4382241666316986, "0.35": -0.5084804892539978, "0.4": -0.6158872842788696, "0.45": -0.6463453769683838}, "13": {"0.01": -0.010713037103414536, "0.05": -0.09747841954231262, "0.1": -0.1131286546587944, "0.15": -0.1405234932899475, "0.2": -0.2840672731399536, "0.25": -0.34706857800483704, "0.3": -0.44636523723602295, "0.35": -0.49893322587013245, "0.4": -0.5324951410293579, "0.45": -0.5428667068481445}, "14": {"0.01": -0.00037957081804051995, "0.05": -0.086533322930336, "0.1": -0.16270554065704346, "0.15": -0.3848777413368225, "0.2": -0.4088975191116333, "0.25": -0.411672443151474, "0.3": -0.47734498977661133, "0.35": -0.6271131634712219, "0.4": -0.7060941457748413, "0.45": -0.7480005025863647}, "15": {"0.01": -0.0010679163970053196, "0.05": -0.06997991353273392, "0.1": -0.08009595423936844, "0.15": -0.13410834968090057, "0.2": -0.2515674829483032, "0.25": -0.3230198919773102, "0.3": -0.33909672498703003, "0.35": -0.5021774768829346, "0.4": -0.647706151008606, "0.45": -0.7081067562103271}, "16": {"0.01": -0.0007204522844403982, "0.05": -0.09544456005096436, "0.1": -0.13462823629379272, "0.15": -0.2693098187446594, "0.2": -0.37626540660858154, "0.25": -0.5462926626205444, "0.3": -0.6114625930786133, "0.35": -0.642241895198822, "0.4": -0.688582181930542, "0.45": -0.7342793345451355}, "17": {"0.01": -0.0004540070949587971, "0.05": -0.009498512372374535, "0.1": -0.057360440492630005, "0.15": -0.11619733273983002, "0.2": -0.25165000557899475, "0.25": -0.33924350142478943, "0.3": -0.394612580537796, "0.35": -0.6777705550193787, "0.4": -0.7229872345924377, "0.45": -0.7621929049491882}, "18": {"0.01": -0.0005234697018750012, "0.05": -0.001779722748324275, "0.1": -0.05821065232157707, "0.15": -0.19137588143348694, "0.2": -0.23149506747722626, "0.25": -0.3356756269931793, "0.3": -0.4616895914077759, "0.35": -0.5840718150138855, "0.4": -0.7006521821022034, "0.45": -0.7282871603965759}, "19": {"0.01": -0.0020670248195528984, "0.05": -0.05092079937458038, "0.1": -0.09916020184755325, "0.15": -0.21063192188739777, "0.2": -0.2261572927236557, "0.25": -0.3894173502922058, "0.3": -0.42965832352638245, "0.35": -0.5473326444625854, "0.4": -0.6219443678855896, "0.45": -0.7144257426261902}, "20": {"0.01": -0.00025100220227614045, "0.05": -0.020508913323283195, "0.1": -0.22237852215766907, "0.15": -0.2968842685222626, "0.2": -0.47202613949775696, "0.25": -0.5016265511512756, "0.3": -0.5763192176818848, "0.35": -0.7518978714942932, "0.4": -0.7857295870780945, "0.45": -0.808972954750061}, "21": {"0.01": -0.0006468043429777026, "0.05": -0.0575421005487442, "0.1": -0.23437601327896118, "0.15": -0.3021504580974579, "0.2": -0.39005208015441895, "0.25": -0.4866654872894287, "0.3": -0.6265566945075989, "0.35": -0.6313243508338928, "0.4": -0.6963326334953308, "0.45": -0.7580994963645935}}