{"1": {"0.01": -0.0016947307158261538, "0.05": -0.001967256423085928, "0.1": -0.0022790650837123394, "0.15": -0.003781516570597887, "0.2": -0.005894130561500788, "0.25": -0.008542798459529877, "0.3": -0.009844980202615261, "0.35": -0.011875312775373459, "0.4": -0.017278479412198067, "0.45": -0.02410055883228779}, "2": {"0.01": -0.001141867134720087, "0.05": -0.0022282442077994347, "0.1": -0.0022282442077994347, "0.15": -0.0030779256485402584, "0.2": -0.004319591447710991, "0.25": -0.0074663846753537655, "0.3": -0.008418887853622437, "0.35": -0.011228321120142937, "0.4": -0.019888760522007942, "0.45": -0.032648101449012756}, "3": {"0.01": -5.112712096888572e-05, "0.05": -0.001226067659445107, "0.1": -0.0025799060240387917, "0.15": -0.004325444810092449, "0.2": -0.005812181159853935, "0.25": -0.01867581345140934, "0.3": -0.06056586652994156, "0.35": -0.07055813074111938, "0.4": -0.09389425069093704, "0.45": -0.15719865262508392}, "4": {"0.01": -1.042330313794082e-05, "0.05": -6.783978460589424e-05, "0.1": -0.0007951990119181573, "0.15": -0.0016291850479319692, "0.2": -0.0022739004343748093, "0.25": -0.006773306522518396, "0.3": -0.017412647604942322, "0.35": -0.08398866653442383, "0.4": -0.11695922166109085, "0.45": -0.19427838921546936}, "5": {"0.01": -1.465838067815639e-05, "0.05": -8.966789755504578e-05, "0.1": -0.0006632399163208902, "0.15": -0.001649927464313805, "0.2": -0.004248608835041523, "0.25": -0.01069802138954401, "0.3": -0.028642071411013603, "0.35": -0.04955572634935379, "0.4": -0.12526457011699677, "0.45": -0.3195266127586365}, "6": {"0.01": -3.566189843695611e-05, "0.05": -8.260257891379297e-05, "0.1": -0.00101312599144876, "0.15": -0.0027314124163240194, "0.2": -0.0028907470405101776, "0.25": -0.011488181538879871, "0.3": -0.11217092722654343, "0.35": -0.16112537682056427, "0.4": -0.2074558138847351, "0.45": -0.27230173349380493}, "7": {"0.01": -0.00014581224240828305, "0.05": -0.000507575401570648, "0.1": -0.002230202779173851, "0.15": -0.025285858660936356, "0.2": -0.08410374075174332, "0.25": -0.15742401778697968, "0.3": -0.19536341726779938, "0.35": -0.31030160188674927, "0.4": -0.37535181641578674, "0.45": -0.37836819887161255}, "8": {"0.01": -0.00016815451090224087, "0.05": -0.0006472148234024644, "0.1": -0.012440869584679604, "0.15": -0.07973022758960724, "0.2": -0.12859097123146057, "0.25": -0.17239928245544434, "0.3": -0.20626409351825714, "0.35": -0.2782599627971649, "0.4": -0.37138333916664124, "0.45": -0.4331744313240051}, "9": {"0.01": -0.0004078854399267584, "0.05": -0.001348212012089789, "0.1": -0.03391007333993912, "0.15": -0.1553405225276947, "0.2": -0.2787891626358032, "0.25": -0.34830760955810547, "0.3": -0.3984282910823822, "0.35": -0.435629278421402, "0.4": -0.5286834239959717, "0.45": -0.5773733854293823}, "10": {"0.01": -0.00027368252631276846, "0.05": -0.009963016957044601, "0.1": -0.03853272646665573, "0.15": -0.14565423130989075, "0.2": -0.2009592354297638, "0.25": -0.2620144486427307, "0.3": -0.370895653963089, "0.35": -0.45168620347976685, "0.4": -0.5985994935035706, "0.45": -0.6477500796318054}, "11": {"0.01": -0.00021667336113750935, "0.05": -0.11701527237892151, "0.1": -0.19506365060806274, "0.15": -0.2909083068370819, "0.2": -0.361065536737442, "0.25": -0.39545387029647827, "0.3": -0.4855286180973053, "0.35": -0.6334463357925415, "0.4": -0.7525936365127563, "0.45": -0.8300811052322388}, "12": {"0.01": -0.00027881673304364085, "0.05": -0.026772014796733856, "0.1": -0.2201242744922638, "0.15": -0.23499391973018646, "0.2": -0.4001160264015198, "0.25": -0.48444920778274536, "0.3": -0.5611419677734375, "0.35": -0.5916417837142944, "0.4": -0.701242983341217, "0.45": -0.7040683031082153}, "13": {"0.01": -0.0002592269447632134, "0.05": -0.013410462066531181, "0.1": -0.10777376592159271, "0.15": -0.1700495481491089, "0.2": -0.3794233798980713, "0.25": -0.39835792779922485, "0.3": -0.414955198764801, "0.35": -0.46390554308891296, "0.4": -0.5786553025245667, "0.45": -0.6525413990020752}, "14": {"0.01": -0.0004405930812936276, "0.05": -0.016087805852293968, "0.1": -0.050669509917497635, "0.15": -0.20419128239154816, "0.2": -0.36886700987815857, "0.25": -0.4014909863471985, "0.3": -0.5419105887413025, "0.35": -0.6658060550689697, "0.4": -0.6727858185768127, "0.45": -0.765292763710022}, "15": {"0.01": -0.0018168288515880704, "0.05": -0.07678992301225662, "0.1": -0.21357662975788116, "0.15": -0.352830171585083, "0.2": -0.46266964077949524, "0.25": -0.5307983756065369, "0.3": -0.612435519695282, "0.35": -0.6922931671142578, "0.4": -0.7839871644973755, "0.45": -0.8374466300010681}, "16": {"0.01": -0.0010204775026068091, "0.05": -0.011070745065808296, "0.1": -0.13987256586551666, "0.15": -0.46125686168670654, "0.2": -0.6079500317573547, "0.25": -0.6240261793136597, "0.3": -0.7768862247467041, "0.35": -0.8361524343490601, "0.4": -0.8635727763175964, "0.45": -0.8990380167961121}, "17": {"0.01": -0.0193682499229908, "0.05": -0.1282978653907776, "0.1": -0.15477515757083893, "0.15": -0.32999876141548157, "0.2": -0.46191728115081787, "0.25": -0.48781493306159973, "0.3": -0.5720839500427246, "0.35": -0.7726984620094299, "0.4": -0.8244589567184448, "0.45": -0.8594732880592346}, "18": {"0.01": -0.0015380983240902424, "0.05": -0.018715305253863335, "0.1": -0.09587040543556213, "0.15": -0.14052852988243103, "0.2": -0.34628695249557495, "0.25": -0.5008067488670349, "0.3": -0.5200132727622986, "0.35": -0.5745431184768677, "0.4": -0.7357553839683533, "0.45": -0.7888657450675964}, "19": {"0.01": -0.0007852630224078894, "0.05": -0.003924016375094652, "0.1": -0.129195898771286, "0.15": -0.20763902366161346, "0.2": -0.3193676173686981, "0.25": -0.49282488226890564, "0.3": -0.6090573668479919, "0.35": -0.691606879234314, "0.4": -0.7126566767692566, "0.45": -0.8001185059547424}, "20": {"0.01": -0.0182969868183136, "0.05": -0.058819420635700226, "0.1": -0.24796126782894135, "0.15": -0.27801963686943054, "0.2": -0.43613022565841675, "0.25": -0.47574883699417114, "0.3": -0.5531055331230164, "0.35": -0.6679580807685852, "0.4": -0.718559205532074, "0.45": -0.8259827494621277}, "21": {"0.01": -0.001358734560199082, "0.05": -0.08235888928174973, "0.1": -0.20453961193561554, "0.15": -0.4092566668987274, "0.2": -0.46101054549217224, "0.25": -0.47955289483070374, "0.3": -0.5196256637573242, "0.35": -0.6346260905265808, "0.4": -0.6923993229866028, "0.45": -0.737250030040741}}