{"1": {"0.01": -0.0014944487484171987, "0.05": -0.004728626925498247, "0.1": -0.007428158074617386, "0.15": -0.019671637564897537, "0.2": -0.04090221971273422, "0.25": -0.06800798326730728, "0.3": -0.12831029295921326, "0.35": -0.2166411429643631, "0.4": -0.27480918169021606, "0.45": -0.34668922424316406}, "2": {"0.01": -0.0008036128710955381, "0.05": -0.005442101042717695, "0.1": -0.012344974093139172, "0.15": -0.027164068073034286, "0.2": -0.05668628588318825, "0.25": -0.08465687930583954, "0.3": -0.1220923662185669, "0.35": -0.18010637164115906, "0.4": -0.2814898192882538, "0.45": -0.3709891140460968}, "3": {"0.01": -0.001690667006187141, "0.05": -0.007427962962538004, "0.1": -0.036481622606515884, "0.15": -0.06106141582131386, "0.2": -0.09304510056972504, "0.25": -0.1316612958908081, "0.3": -0.1989968866109848, "0.35": -0.2692495286464691, "0.4": -0.3323989510536194, "0.45": -0.39016443490982056}, "4": {"0.01": -0.0011681122705340385, "0.05": -0.005529414396733046, "0.1": -0.01223183237016201, "0.15": -0.02733231522142887, "0.2": -0.05614910647273064, "0.25": -0.09503711760044098, "0.3": -0.1466289907693863, "0.35": -0.22980844974517822, "0.4": -0.32103827595710754, "0.45": -0.3701384365558624}, "5": {"0.01": -0.005082244053483009, "0.05": -0.010951662436127663, "0.1": -0.018142439424991608, "0.15": -0.02701880969107151, "0.2": -0.0422334261238575, "0.25": -0.07263927161693573, "0.3": -0.1507149040699005, "0.35": -0.23040784895420074, "0.4": -0.34565770626068115, "0.45": -0.4334146976470947}, "6": {"0.01": -0.002787345089018345, "0.05": -0.007260062266141176, "0.1": -0.018451020121574402, "0.15": -0.029339879751205444, "0.2": -0.07757203280925751, "0.25": -0.13149549067020416, "0.3": -0.22869326174259186, "0.35": -0.3136450946331024, "0.4": -0.41777417063713074, "0.45": -0.4853399991989136}, "7": {"0.01": -0.0024704337120056152, "0.05": -0.006485608872026205, "0.1": -0.023443302139639854, "0.15": -0.04608997330069542, "0.2": -0.07825637608766556, "0.25": -0.12956538796424866, "0.3": -0.21787194907665253, "0.35": -0.28930070996284485, "0.4": -0.42537638545036316, "0.45": -0.49077802896499634}, "8": {"0.01": -0.002438809722661972, "0.05": -0.010843131691217422, "0.1": -0.01979934051632881, "0.15": -0.05025564506649971, "0.2": -0.09823550283908844, "0.25": -0.1526450365781784, "0.3": -0.19574344158172607, "0.35": -0.27018362283706665, "0.4": -0.345379114151001, "0.45": -0.39935994148254395}, "9": {"0.01": -0.0021704554092139006, "0.05": -0.007515799254179001, "0.1": -0.017833540216088295, "0.15": -0.03271478787064552, "0.2": -0.08257994800806046, "0.25": -0.12334489822387695, "0.3": -0.1785283088684082, "0.35": -0.2257090061903, "0.4": -0.3944889307022095, "0.45": -0.4268828332424164}, "10": {"0.01": -0.0023787610698491335, "0.05": -0.006524341646581888, "0.1": -0.011024583131074905, "0.15": -0.031968578696250916, "0.2": -0.07997836172580719, "0.25": -0.10181637853384018, "0.3": -0.1795879602432251, "0.35": -0.24699144065380096, "0.4": -0.33986973762512207, "0.45": -0.4323369562625885}, "11": {"0.01": -0.004495966713875532, "0.05": -0.006525164935737848, "0.1": -0.013616019859910011, "0.15": -0.04090704768896103, "0.2": -0.06895717233419418, "0.25": -0.11280283331871033, "0.3": -0.15941041707992554, "0.35": -0.28749001026153564, "0.4": -0.3729787766933441, "0.45": -0.48145779967308044}, "12": {"0.01": -0.004594841040670872, "0.05": -0.016957592219114304, "0.1": -0.03971775993704796, "0.15": -0.05634823441505432, "0.2": -0.09664111584424973, "0.25": -0.17017421126365662, "0.3": -0.2325616031885147, "0.35": -0.26408207416534424, "0.4": -0.341562956571579, "0.45": -0.3934381604194641}, "13": {"0.01": -0.0024218843318521976, "0.05": -0.005604965146631002, "0.1": -0.01976301521062851, "0.15": -0.06584979593753815, "0.2": -0.10756523907184601, "0.25": -0.18613238632678986, "0.3": -0.22950132191181183, "0.35": -0.2891507148742676, "0.4": -0.36375880241394043, "0.45": -0.4575132429599762}, "14": {"0.01": -0.001832415466196835, "0.05": -0.004573997110128403, "0.1": -0.011397380381822586, "0.15": -0.024467792361974716, "0.2": -0.07250513136386871, "0.25": -0.09367410093545914, "0.3": -0.1602420210838318, "0.35": -0.20896852016448975, "0.4": -0.3217960000038147, "0.45": -0.46852701902389526}, "15": {"0.01": -0.006524341646581888, "0.05": -0.009766233153641224, "0.1": -0.020071174949407578, "0.15": -0.0354214608669281, "0.2": -0.06309989839792252, "0.25": -0.14625070989131927, "0.3": -0.2272241860628128, "0.35": -0.2990235984325409, "0.4": -0.4078342914581299, "0.45": -0.49687743186950684}, "16": {"0.01": -0.004059798549860716, "0.05": -0.010648906230926514, "0.1": -0.03053317964076996, "0.15": -0.08806131035089493, "0.2": -0.13773174583911896, "0.25": -0.18981485068798065, "0.3": -0.24441654980182648, "0.35": -0.3271947205066681, "0.4": -0.43137940764427185, "0.45": -0.49785223603248596}, "17": {"0.01": -0.002180415904149413, "0.05": -0.009065985679626465, "0.1": -0.027354463934898376, "0.15": -0.059046775102615356, "0.2": -0.1014854684472084, "0.25": -0.16591429710388184, "0.3": -0.2565535008907318, "0.35": -0.3542543351650238, "0.4": -0.4697737395763397, "0.45": -0.5349680185317993}, "18": {"0.01": -0.001885135076008737, "0.05": -0.006677540950477123, "0.1": -0.03523990884423256, "0.15": -0.09933270514011383, "0.2": -0.14848849177360535, "0.25": -0.19434373080730438, "0.3": -0.2527009844779968, "0.35": -0.30912020802497864, "0.4": -0.3871617317199707, "0.45": -0.46601036190986633}, "19": {"0.01": -0.0019239234970882535, "0.05": -0.00850054994225502, "0.1": -0.02583261765539646, "0.15": -0.04560324177145958, "0.2": -0.0832311362028122, "0.25": -0.121873639523983, "0.3": -0.23116134107112885, "0.35": -0.30256834626197815, "0.4": -0.41803717613220215, "0.45": -0.5046626329421997}, "20": {"0.01": -0.0028007528744637966, "0.05": -0.004972991533577442, "0.1": -0.013654106296598911, "0.15": -0.04896177724003792, "0.2": -0.08010775595903397, "0.25": -0.13493600487709045, "0.3": -0.22031667828559875, "0.35": -0.32414495944976807, "0.4": -0.4532160460948944, "0.45": -0.4784066379070282}, "21": {"0.01": -0.0021732754539698362, "0.05": -0.009405036456882954, "0.1": -0.0413227304816246, "0.15": -0.08220526576042175, "0.2": -0.1239362433552742, "0.25": -0.2115994691848755, "0.3": -0.30048418045043945, "0.35": -0.4478421211242676, "0.4": -0.5041980147361755, "0.45": -0.5998319387435913}}