{"1": {"0.01": -5.842066093464382e-05, "0.05": -0.000979317817837, "0.1": -0.002552765654399991, "0.15": -0.0036002332344651222, "0.2": -0.009097184985876083, "0.25": -0.02344931662082672, "0.3": -0.04464119300246239, "0.35": -0.05040840432047844, "0.4": -0.07783358544111252, "0.45": -0.10852287709712982}, "2": {"0.01": -3.8354879507096484e-05, "0.05": -0.0008074641809798777, "0.1": -0.0026685488410294056, "0.15": -0.019865727052092552, "0.2": -0.02785789780318737, "0.25": -0.09472032636404037, "0.3": -0.11234147101640701, "0.35": -0.16422957181930542, "0.4": -0.2451023906469345, "0.45": -0.31745582818984985}, "3": {"0.01": -2.566876537457574e-05, "0.05": -0.0015057867858558893, "0.1": -0.013702550902962685, "0.15": -0.020879004150629044, "0.2": -0.057824160903692245, "0.25": -0.11792787909507751, "0.3": -0.176219180226326, "0.35": -0.26605114340782166, "0.4": -0.37373316287994385, "0.45": -0.4899161458015442}, "4": {"0.01": -0.0004298388084862381, "0.05": -0.019149454310536385, "0.1": -0.05775631591677666, "0.15": -0.12896020710468292, "0.2": -0.19186684489250183, "0.25": -0.20680783689022064, "0.3": -0.27257853746414185, "0.35": -0.3715594410896301, "0.4": -0.4985579252243042, "0.45": -0.5660767555236816}, "5": {"0.01": -0.0010528911370784044, "0.05": -0.013720880262553692, "0.1": -0.07638619095087051, "0.15": -0.1761135309934616, "0.2": -0.2847495973110199, "0.25": -0.32179853320121765, "0.3": -0.46302294731140137, "0.35": -0.5271199941635132, "0.4": -0.6013284921646118, "0.45": -0.6350300312042236}, "6": {"0.01": -0.00035844757803715765, "0.05": -0.002546947682276368, "0.1": -0.010624590329825878, "0.15": -0.08513642847537994, "0.2": -0.12763094902038574, "0.25": -0.1800772249698639, "0.3": -0.24981258809566498, "0.35": -0.34176474809646606, "0.4": -0.4481484889984131, "0.45": -0.5553221702575684}, "7": {"0.01": -0.0028424388729035854, "0.05": -0.05705634132027626, "0.1": -0.1468578726053238, "0.15": -0.19184298813343048, "0.2": -0.32920509576797485, "0.25": -0.4403289258480072, "0.3": -0.5091754198074341, "0.35": -0.5546549558639526, "0.4": -0.6077136397361755, "0.45": -0.6831552982330322}, "8": {"0.01": -0.0010934645542874932, "0.05": -0.0351245179772377, "0.1": -0.06423449516296387, "0.15": -0.2792281210422516, "0.2": -0.3559773564338684, "0.25": -0.4146166443824768, "0.3": -0.45662224292755127, "0.35": -0.5417670011520386, "0.4": -0.5964849591255188, "0.45": -0.6623442769050598}, "9": {"0.01": -0.06349891424179077, "0.05": -0.08817508816719055, "0.1": -0.24252836406230927, "0.15": -0.36361876130104065, "0.2": -0.4147799015045166, "0.25": -0.44767308235168457, "0.3": -0.5320672988891602, "0.35": -0.6164860725402832, "0.4": -0.6401089429855347, "0.45": -0.7112233638763428}, "10": {"0.01": -0.041468262672424316, "0.05": -0.13340893387794495, "0.1": -0.31725403666496277, "0.15": -0.42853671312332153, "0.2": -0.5101363062858582, "0.25": -0.5566859245300293, "0.3": -0.6431444883346558, "0.35": -0.7099964618682861, "0.4": -0.7451869249343872, "0.45": -0.791001558303833}, "11": {"0.01": -0.0012054330436512828, "0.05": -0.12974683940410614, "0.1": -0.20227721333503723, "0.15": -0.41154423356056213, "0.2": -0.5269691348075867, "0.25": -0.5768398642539978, "0.3": -0.6197580695152283, "0.35": -0.7093685865402222, "0.4": -0.7378973960876465, "0.45": -0.8046702146530151}, "12": {"0.01": -0.009401733055710793, "0.05": -0.16329407691955566, "0.1": -0.33410337567329407, "0.15": -0.41340091824531555, "0.2": -0.4892943501472473, "0.25": -0.5220882296562195, "0.3": -0.5621894598007202, "0.35": -0.6088894009590149, "0.4": -0.645042896270752, "0.45": -0.7167514562606812}, "13": {"0.01": -0.004732905421406031, "0.05": -0.28221070766448975, "0.1": -0.46297261118888855, "0.15": -0.5944440960884094, "0.2": -0.6488161683082581, "0.25": -0.6981796622276306, "0.3": -0.7584589719772339, "0.35": -0.7968983054161072, "0.4": -0.8138046264648438, "0.45": -0.8455740809440613}, "14": {"0.01": -0.004974430426955223, "0.05": -0.164632648229599, "0.1": -0.3085406422615051, "0.15": -0.40599629282951355, "0.2": -0.536397397518158, "0.25": -0.6157400012016296, "0.3": -0.687713623046875, "0.35": -0.7449965476989746, "0.4": -0.7688931226730347, "0.45": -0.7874851226806641}, "15": {"0.01": -0.006075456738471985, "0.05": -0.16649629175662994, "0.1": -0.39031630754470825, "0.15": -0.46649810671806335, "0.2": -0.6191460490226746, "0.25": -0.6790846586227417, "0.3": -0.7842191457748413, "0.35": -0.8288099765777588, "0.4": -0.8712338209152222, "0.45": -0.8981176018714905}, "16": {"0.01": -0.004706012550741434, "0.05": -0.26344034075737, "0.1": -0.3584936857223511, "0.15": -0.40525561571121216, "0.2": -0.5238254070281982, "0.25": -0.5649948716163635, "0.3": -0.61814284324646, "0.35": -0.7043605446815491, "0.4": -0.7470207214355469, "0.45": -0.8292930126190186}, "17": {"0.01": -0.01396513357758522, "0.05": -0.19109296798706055, "0.1": -0.42571064829826355, "0.15": -0.4647303819656372, "0.2": -0.5175990462303162, "0.25": -0.5808765292167664, "0.3": -0.6662918925285339, "0.35": -0.714422881603241, "0.4": -0.7820605039596558, "0.45": -0.8419245481491089}, "18": {"0.01": -0.057239897549152374, "0.05": -0.1829383820295334, "0.1": -0.3281746506690979, "0.15": -0.4256211817264557, "0.2": -0.5356188416481018, "0.25": -0.6603624224662781, "0.3": -0.7077370285987854, "0.35": -0.7472776770591736, "0.4": -0.8105241656303406, "0.45": -0.8693321943283081}, "19": {"0.01": -0.042622435837984085, "0.05": -0.21037155389785767, "0.1": -0.3880009949207306, "0.15": -0.4718773066997528, "0.2": -0.5746282935142517, "0.25": -0.6972230076789856, "0.3": -0.7069728970527649, "0.35": -0.7360845804214478, "0.4": -0.8191434144973755, "0.45": -0.8567421436309814}, "20": {"0.01": -0.06824035942554474, "0.05": -0.2058054804801941, "0.1": -0.4599094092845917, "0.15": -0.4974153935909271, "0.2": -0.5922256708145142, "0.25": -0.6827391386032104, "0.3": -0.7245123386383057, "0.35": -0.7429523468017578, "0.4": -0.7846958637237549, "0.45": -0.8164457082748413}, "21": {"0.01": -0.010811937972903252, "0.05": -0.24155950546264648, "0.1": -0.29044678807258606, "0.15": -0.40608513355255127, "0.2": -0.5528913140296936, "0.25": -0.6176320910453796, "0.3": -0.6445550918579102, "0.35": -0.6752547025680542, "0.4": -0.7664760947227478, "0.45": -0.8125981092453003}}