{"1": {"0.01": -2.542133870520047e-06, "0.05": -0.00044915711623616517, "0.1": -0.0022144257090985775, "0.15": -0.004636471625417471, "0.2": -0.0106167858466506, "0.25": -0.01694376952946186, "0.3": -0.03591842204332352, "0.35": -0.05657731369137764, "0.4": -0.10000870376825333, "0.45": -0.12934936583042145}, "2": {"0.01": -5.1031183829763904e-05, "0.05": -0.0014194143004715443, "0.1": -0.015680883079767227, "0.15": -0.05012764409184456, "0.2": -0.09526335448026657, "0.25": -0.1431865394115448, "0.3": -0.2120046317577362, "0.35": -0.2418045997619629, "0.4": -0.29109251499176025, "0.45": -0.38185203075408936}, "3": {"0.01": -0.0006920799496583641, "0.05": -0.002909079659730196, "0.1": -0.012388128787279129, "0.15": -0.021955275908112526, "0.2": -0.07274562120437622, "0.25": -0.13851788640022278, "0.3": -0.1650494635105133, "0.35": -0.20779544115066528, "0.4": -0.26481497287750244, "0.45": -0.30608034133911133}, "4": {"0.01": -0.002889202907681465, "0.05": -0.017241764813661575, "0.1": -0.029711894690990448, "0.15": -0.05904588848352432, "0.2": -0.16031965613365173, "0.25": -0.2096056491136551, "0.3": -0.32013848423957825, "0.35": -0.4353456497192383, "0.4": -0.4775291681289673, "0.45": -0.5487821698188782}, "5": {"0.01": -0.0004219219845253974, "0.05": -0.013642245903611183, "0.1": -0.10102200508117676, "0.15": -0.19478735327720642, "0.2": -0.3156033754348755, "0.25": -0.36763137578964233, "0.3": -0.4008218050003052, "0.35": -0.4573371708393097, "0.4": -0.5104935765266418, "0.45": -0.5663882493972778}, "6": {"0.01": -0.0004623381537385285, "0.05": -0.016958648338913918, "0.1": -0.12928609549999237, "0.15": -0.2486671805381775, "0.2": -0.4019741415977478, "0.25": -0.4891716539859772, "0.3": -0.5423612594604492, "0.35": -0.5722758173942566, "0.4": -0.6471563577651978, "0.45": -0.696584165096283}, "7": {"0.01": -0.0017030491726472974, "0.05": -0.03494364768266678, "0.1": -0.11519064754247665, "0.15": -0.22989660501480103, "0.2": -0.3428296148777008, "0.25": -0.4562455415725708, "0.3": -0.48543864488601685, "0.35": -0.5519826412200928, "0.4": -0.6095417737960815, "0.45": -0.6782732605934143}, "8": {"0.01": -0.020332926884293556, "0.05": -0.09691018611192703, "0.1": -0.2672977149486542, "0.15": -0.39674460887908936, "0.2": -0.5633586049079895, "0.25": -0.6672099232673645, "0.3": -0.6917153000831604, "0.35": -0.7396740317344666, "0.4": -0.7866402268409729, "0.45": -0.8052738904953003}, "9": {"0.01": -0.005717682186514139, "0.05": -0.07773266732692719, "0.1": -0.1537439227104187, "0.15": -0.20888347923755646, "0.2": -0.4325577914714813, "0.25": -0.5656324028968811, "0.3": -0.659500002861023, "0.35": -0.7172785997390747, "0.4": -0.7725272178649902, "0.45": -0.8119887113571167}, "10": {"0.01": -0.004006268922239542, "0.05": -0.054096464067697525, "0.1": -0.1317494809627533, "0.15": -0.22546511888504028, "0.2": -0.40666404366493225, "0.25": -0.4649502635002136, "0.3": -0.5272583961486816, "0.35": -0.6005417108535767, "0.4": -0.6293983459472656, "0.45": -0.7211699485778809}, "11": {"0.01": -0.002473541535437107, "0.05": -0.055484090000391006, "0.1": -0.15449218451976776, "0.15": -0.335355281829834, "0.2": -0.4923260807991028, "0.25": -0.6073569059371948, "0.3": -0.6684721112251282, "0.35": -0.6885021924972534, "0.4": -0.7498974800109863, "0.45": -0.7636251449584961}, "12": {"0.01": -0.016005434095859528, "0.05": -0.29285937547683716, "0.1": -0.4030133783817291, "0.15": -0.5061894655227661, "0.2": -0.594508707523346, "0.25": -0.644065797328949, "0.3": -0.7306420803070068, "0.35": -0.7752866148948669, "0.4": -0.8103675246238708, "0.45": -0.8332266807556152}, "13": {"0.01": -0.0008757895557209849, "0.05": -0.09939257800579071, "0.1": -0.20076726377010345, "0.15": -0.3355812728404999, "0.2": -0.5007501244544983, "0.25": -0.5336646437644958, "0.3": -0.605397641658783, "0.35": -0.7029756307601929, "0.4": -0.7696655988693237, "0.45": -0.7928696870803833}, "14": {"0.01": -0.010940815322101116, "0.05": -0.21863745152950287, "0.1": -0.3149338960647583, "0.15": -0.4587757885456085, "0.2": -0.5038367509841919, "0.25": -0.5443774461746216, "0.3": -0.6159425377845764, "0.35": -0.635857343673706, "0.4": -0.7276232242584229, "0.45": -0.8035206198692322}, "15": {"0.01": -0.06372272223234177, "0.05": -0.20243309438228607, "0.1": -0.24646908044815063, "0.15": -0.37027624249458313, "0.2": -0.46923816204071045, "0.25": -0.5691137313842773, "0.3": -0.621387779712677, "0.35": -0.6827853918075562, "0.4": -0.7340460419654846, "0.45": -0.7608018517494202}, "16": {"0.01": -0.003124409355223179, "0.05": -0.2274128496646881, "0.1": -0.40247979760169983, "0.15": -0.5939415097236633, "0.2": -0.7221075892448425, "0.25": -0.7405592799186707, "0.3": -0.7889461517333984, "0.35": -0.8131380081176758, "0.4": -0.8515177369117737, "0.45": -0.9053416848182678}, "17": {"0.01": -0.030682038515806198, "0.05": -0.21462078392505646, "0.1": -0.3132447600364685, "0.15": -0.4739217162132263, "0.2": -0.5657208561897278, "0.25": -0.6347387433052063, "0.3": -0.6910752058029175, "0.35": -0.7714548110961914, "0.4": -0.7947945594787598, "0.45": -0.8457373976707458}, "18": {"0.01": -0.1002482995390892, "0.05": -0.3119005858898163, "0.1": -0.4108826816082001, "0.15": -0.45524606108665466, "0.2": -0.536138117313385, "0.25": -0.5763177275657654, "0.3": -0.6717396974563599, "0.35": -0.7428813576698303, "0.4": -0.778927206993103, "0.45": -0.814502477645874}, "19": {"0.01": -0.037928272038698196, "0.05": -0.20801958441734314, "0.1": -0.3632480800151825, "0.15": -0.4672207236289978, "0.2": -0.5807774662971497, "0.25": -0.6190195679664612, "0.3": -0.7437728047370911, "0.35": -0.7761255502700806, "0.4": -0.8015314936637878, "0.45": -0.8271070122718811}, "20": {"0.01": -0.016671543940901756, "0.05": -0.19024066627025604, "0.1": -0.31336840987205505, "0.15": -0.3983803391456604, "0.2": -0.6197993159294128, "0.25": -0.6625122427940369, "0.3": -0.6719846129417419, "0.35": -0.6922587156295776, "0.4": -0.741802990436554, "0.45": -0.8090675473213196}, "21": {"0.01": -0.010151178576052189, "0.05": -0.15725493431091309, "0.1": -0.34957757592201233, "0.15": -0.4115016758441925, "0.2": -0.5092111229896545, "0.25": -0.571620523929596, "0.3": -0.6725049614906311, "0.35": -0.7209387421607971, "0.4": -0.7516010999679565, "0.45": -0.8083398342132568}}