{"1": {"0.01": -1.5562793123535812e-05, "0.05": -0.00019401282770559192, "0.1": -0.0006143368082121015, "0.15": -0.0011124173179268837, "0.2": -0.004322048742324114, "0.25": -0.006014620885252953, "0.3": -0.010550960898399353, "0.35": -0.018562080338597298, "0.4": -0.05885585770010948, "0.45": -0.07492073625326157}, "2": {"0.01": -0.00034062183112837374, "0.05": -0.002429383806884289, "0.1": -0.008372069336473942, "0.15": -0.013422369956970215, "0.2": -0.04761303961277008, "0.25": -0.09857574850320816, "0.3": -0.1389460265636444, "0.35": -0.1784147471189499, "0.4": -0.24009659886360168, "0.45": -0.2574426233768463}, "3": {"0.01": -3.1463514460483566e-05, "0.05": -0.0004945840919390321, "0.1": -0.005332557950168848, "0.15": -0.014083338901400566, "0.2": -0.03635488077998161, "0.25": -0.12293575704097748, "0.3": -0.1937638819217682, "0.35": -0.30330532789230347, "0.4": -0.4219457805156708, "0.45": -0.5170735120773315}, "4": {"0.01": -6.620381464017555e-05, "0.05": -0.005517820827662945, "0.1": -0.05670180171728134, "0.15": -0.10986188054084778, "0.2": -0.16382402181625366, "0.25": -0.2653256952762604, "0.3": -0.35249173641204834, "0.35": -0.43461430072784424, "0.4": -0.4882558286190033, "0.45": -0.5566763877868652}, "5": {"0.01": -0.009745080024003983, "0.05": -0.037976689636707306, "0.1": -0.11594150960445404, "0.15": -0.17319069802761078, "0.2": -0.25387486815452576, "0.25": -0.30735117197036743, "0.3": -0.4002983272075653, "0.35": -0.47970548272132874, "0.4": -0.5828127264976501, "0.45": -0.6553207039833069}, "6": {"0.01": -0.0003710761375259608, "0.05": -0.08130870014429092, "0.1": -0.21918584406375885, "0.15": -0.2720361053943634, "0.2": -0.4359890818595886, "0.25": -0.5189599394798279, "0.3": -0.5766288042068481, "0.35": -0.6572356820106506, "0.4": -0.7250006794929504, "0.45": -0.7633761763572693}, "7": {"0.01": -0.007496328093111515, "0.05": -0.09199416637420654, "0.1": -0.182273730635643, "0.15": -0.24012714624404907, "0.2": -0.3049631118774414, "0.25": -0.3833332061767578, "0.3": -0.4501439034938812, "0.35": -0.5106682181358337, "0.4": -0.5908307433128357, "0.45": -0.6967436075210571}, "8": {"0.01": -0.0007291363435797393, "0.05": -0.01910598762333393, "0.1": -0.13888664543628693, "0.15": -0.28852468729019165, "0.2": -0.35048311948776245, "0.25": -0.4328584671020508, "0.3": -0.4824460446834564, "0.35": -0.5439414381980896, "0.4": -0.6361899375915527, "0.45": -0.7258660197257996}, "9": {"0.01": -0.005925983656197786, "0.05": -0.04130212962627411, "0.1": -0.1632045954465866, "0.15": -0.24204875528812408, "0.2": -0.31406229734420776, "0.25": -0.43340152502059937, "0.3": -0.5831347703933716, "0.35": -0.6630753874778748, "0.4": -0.7422838807106018, "0.45": -0.7687647342681885}, "10": {"0.01": -0.0015913966344669461, "0.05": -0.018803102895617485, "0.1": -0.2172561138868332, "0.15": -0.3895120918750763, "0.2": -0.5444695949554443, "0.25": -0.6611558794975281, "0.3": -0.7266790270805359, "0.35": -0.7886934280395508, "0.4": -0.8567472696304321, "0.45": -0.8942281007766724}, "11": {"0.01": -0.006755718495696783, "0.05": -0.06020038574934006, "0.1": -0.1942240595817566, "0.15": -0.30965179204940796, "0.2": -0.4071319103240967, "0.25": -0.46493709087371826, "0.3": -0.5545587539672852, "0.35": -0.6095359325408936, "0.4": -0.6366817355155945, "0.45": -0.7057681679725647}, "12": {"0.01": -0.000439735158579424, "0.05": -0.18392790853977203, "0.1": -0.3627212941646576, "0.15": -0.45718857645988464, "0.2": -0.5040909051895142, "0.25": -0.5760712623596191, "0.3": -0.6041142344474792, "0.35": -0.633804976940155, "0.4": -0.7193120718002319, "0.45": -0.7581509351730347}, "13": {"0.01": -0.006060443818569183, "0.05": -0.2397761195898056, "0.1": -0.48784762620925903, "0.15": -0.5997694134712219, "0.2": -0.6875325441360474, "0.25": -0.7191300988197327, "0.3": -0.7451673150062561, "0.35": -0.7776609063148499, "0.4": -0.8154263496398926, "0.45": -0.8602421879768372}, "14": {"0.01": -0.0005838595097884536, "0.05": -0.23440997302532196, "0.1": -0.3734002709388733, "0.15": -0.5114619135856628, "0.2": -0.5725619196891785, "0.25": -0.6372997164726257, "0.3": -0.6919533610343933, "0.35": -0.7405990362167358, "0.4": -0.7814217805862427, "0.45": -0.8164281249046326}, "15": {"0.01": -0.0006613997975364327, "0.05": -0.1390300691127777, "0.1": -0.34357911348342896, "0.15": -0.40863046050071716, "0.2": -0.4492667317390442, "0.25": -0.49405959248542786, "0.3": -0.5847907662391663, "0.35": -0.6191955208778381, "0.4": -0.6893943548202515, "0.45": -0.7686893939971924}, "16": {"0.01": -0.10818402469158173, "0.05": -0.18998555839061737, "0.1": -0.33982282876968384, "0.15": -0.46680355072021484, "0.2": -0.5413870811462402, "0.25": -0.6760563850402832, "0.3": -0.7094057202339172, "0.35": -0.7471151351928711, "0.4": -0.7878183126449585, "0.45": -0.8210257291793823}, "17": {"0.01": -0.007564890198409557, "0.05": -0.18242011964321136, "0.1": -0.3314019441604614, "0.15": -0.4614145755767822, "0.2": -0.6318247318267822, "0.25": -0.7332302331924438, "0.3": -0.7722156643867493, "0.35": -0.8033409118652344, "0.4": -0.8308274745941162, "0.45": -0.8530535697937012}, "18": {"0.01": -0.029496604576706886, "0.05": -0.19490405917167664, "0.1": -0.4536890983581543, "0.15": -0.5270085334777832, "0.2": -0.5781131386756897, "0.25": -0.7168534398078918, "0.3": -0.7552101016044617, "0.35": -0.7915435433387756, "0.4": -0.8270024061203003, "0.45": -0.8452936410903931}, "19": {"0.01": -0.06886633485555649, "0.05": -0.4113485515117645, "0.1": -0.5381634831428528, "0.15": -0.6111323237419128, "0.2": -0.6388853192329407, "0.25": -0.7166939973831177, "0.3": -0.7527976632118225, "0.35": -0.7876790165901184, "0.4": -0.8112444281578064, "0.45": -0.8672719597816467}, "20": {"0.01": -0.0236117634922266, "0.05": -0.23402553796768188, "0.1": -0.42514726519584656, "0.15": -0.5249726176261902, "0.2": -0.5655598044395447, "0.25": -0.6354557275772095, "0.3": -0.6806509494781494, "0.35": -0.7676710486412048, "0.4": -0.8047729730606079, "0.45": -0.8634951710700989}, "21": {"0.01": -0.07595495879650116, "0.05": -0.24601960182189941, "0.1": -0.3223022222518921, "0.15": -0.4757128357887268, "0.2": -0.5658993721008301, "0.25": -0.5911980867385864, "0.3": -0.6034652590751648, "0.35": -0.7122181057929993, "0.4": -0.7691708207130432, "0.45": -0.8026526570320129}}