{"1": {"0.01": -2.19052435568301e-05, "0.05": -0.0004588573065120727, "0.1": -0.004241709131747484, "0.15": -0.011524117551743984, "0.2": -0.01942671835422516, "0.25": -0.025105684995651245, "0.3": -0.04374834522604942, "0.35": -0.06570125371217728, "0.4": -0.0835314393043518, "0.45": -0.11074241250753403}, "2": {"0.01": -4.603389970725402e-05, "0.05": -0.001349984435364604, "0.1": -0.0031006336212158203, "0.15": -0.01356677245348692, "0.2": -0.04177865758538246, "0.25": -0.056938279420137405, "0.3": -0.09113951027393341, "0.35": -0.11761392652988434, "0.4": -0.14885221421718597, "0.45": -0.2210763841867447}, "3": {"0.01": -0.00032560701947659254, "0.05": -0.0018523667240515351, "0.1": -0.00547642121091485, "0.15": -0.019175061956048012, "0.2": -0.042148564010858536, "0.25": -0.06879393011331558, "0.3": -0.20958757400512695, "0.35": -0.2452562153339386, "0.4": -0.28954005241394043, "0.45": -0.44727352261543274}, "4": {"0.01": -0.0057696267031133175, "0.05": -0.012783431448042393, "0.1": -0.15617604553699493, "0.15": -0.2322380393743515, "0.2": -0.2904524803161621, "0.25": -0.34660494327545166, "0.3": -0.41266483068466187, "0.35": -0.47300010919570923, "0.4": -0.5680891871452332, "0.45": -0.6798281669616699}, "5": {"0.01": -0.0002874326892197132, "0.05": -0.020196810364723206, "0.1": -0.07316400855779648, "0.15": -0.1121348887681961, "0.2": -0.17006273567676544, "0.25": -0.2402275949716568, "0.3": -0.3053816854953766, "0.35": -0.37835222482681274, "0.4": -0.48906293511390686, "0.45": -0.5164724588394165}, "6": {"0.01": -0.002063108840957284, "0.05": -0.035301171243190765, "0.1": -0.12663094699382782, "0.15": -0.2295381724834442, "0.2": -0.32344290614128113, "0.25": -0.40892183780670166, "0.3": -0.5070446729660034, "0.35": -0.5455449819564819, "0.4": -0.6141541600227356, "0.45": -0.6687129139900208}, "7": {"0.01": -0.0016917205648496747, "0.05": -0.02120262011885643, "0.1": -0.11081475019454956, "0.15": -0.19653691351413727, "0.2": -0.22595171630382538, "0.25": -0.3048963248729706, "0.3": -0.42870622873306274, "0.35": -0.5289754271507263, "0.4": -0.6212958693504333, "0.45": -0.6842874884605408}, "8": {"0.01": -0.004826039541512728, "0.05": -0.16171735525131226, "0.1": -0.2942160367965698, "0.15": -0.37371721863746643, "0.2": -0.54561448097229, "0.25": -0.5951720476150513, "0.3": -0.6842005252838135, "0.35": -0.708080530166626, "0.4": -0.7379257082939148, "0.45": -0.7742590308189392}, "9": {"0.01": -0.00436674989759922, "0.05": -0.026531590148806572, "0.1": -0.0876765325665474, "0.15": -0.19982250034809113, "0.2": -0.335603266954422, "0.25": -0.42130571603775024, "0.3": -0.5528385043144226, "0.35": -0.6503016948699951, "0.4": -0.7006540298461914, "0.45": -0.7341158986091614}, "10": {"0.01": -0.017930155619978905, "0.05": -0.11435370147228241, "0.1": -0.23674583435058594, "0.15": -0.32145026326179504, "0.2": -0.39828255772590637, "0.25": -0.48492902517318726, "0.3": -0.5617214441299438, "0.35": -0.6424731016159058, "0.4": -0.7148334980010986, "0.45": -0.7580360174179077}, "11": {"0.01": -0.028019171208143234, "0.05": -0.10210717469453812, "0.1": -0.17342664301395416, "0.15": -0.31115344166755676, "0.2": -0.4447609782218933, "0.25": -0.5200871229171753, "0.3": -0.6000784039497375, "0.35": -0.683131217956543, "0.4": -0.7668185234069824, "0.45": -0.8168485164642334}, "12": {"0.01": -0.012124218977987766, "0.05": -0.3371085822582245, "0.1": -0.4348553717136383, "0.15": -0.5284608006477356, "0.2": -0.6009514331817627, "0.25": -0.6613604426383972, "0.3": -0.7084250450134277, "0.35": -0.738191545009613, "0.4": -0.798202395439148, "0.45": -0.8480644226074219}, "13": {"0.01": -0.05997383967041969, "0.05": -0.23547334969043732, "0.1": -0.3993448317050934, "0.15": -0.4449813961982727, "0.2": -0.4947485327720642, "0.25": -0.5407888293266296, "0.3": -0.6202985048294067, "0.35": -0.6896407604217529, "0.4": -0.7577328681945801, "0.45": -0.7976229190826416}, "14": {"0.01": -0.029311154037714005, "0.05": -0.2761499583721161, "0.1": -0.47473767399787903, "0.15": -0.542514979839325, "0.2": -0.6137076616287231, "0.25": -0.6655469536781311, "0.3": -0.7061015367507935, "0.35": -0.728570282459259, "0.4": -0.7898133397102356, "0.45": -0.8096567392349243}, "15": {"0.01": -0.007205962669104338, "0.05": -0.29957544803619385, "0.1": -0.4209032356739044, "0.15": -0.5540428161621094, "0.2": -0.6351319551467896, "0.25": -0.6830210089683533, "0.3": -0.7762622237205505, "0.35": -0.823563814163208, "0.4": -0.8551545739173889, "0.45": -0.8795254826545715}, "16": {"0.01": -0.0015531531535089016, "0.05": -0.3134289085865021, "0.1": -0.42448103427886963, "0.15": -0.5772460103034973, "0.2": -0.6107061505317688, "0.25": -0.6740072965621948, "0.3": -0.7533222436904907, "0.35": -0.7915014028549194, "0.4": -0.8111104369163513, "0.45": -0.8808658719062805}, "17": {"0.01": -0.022615747526288033, "0.05": -0.23929013311862946, "0.1": -0.3457232117652893, "0.15": -0.39146673679351807, "0.2": -0.4196465313434601, "0.25": -0.526033341884613, "0.3": -0.573800265789032, "0.35": -0.6814019083976746, "0.4": -0.7502936720848083, "0.45": -0.7835475206375122}, "18": {"0.01": -0.03943604975938797, "0.05": -0.22707167267799377, "0.1": -0.34482815861701965, "0.15": -0.4731045961380005, "0.2": -0.5191340446472168, "0.25": -0.5897467732429504, "0.3": -0.6118617653846741, "0.35": -0.6804256439208984, "0.4": -0.7624935507774353, "0.45": -0.8070778250694275}, "19": {"0.01": -0.033329032361507416, "0.05": -0.17226234078407288, "0.1": -0.30222344398498535, "0.15": -0.41027459502220154, "0.2": -0.49543696641921997, "0.25": -0.6585503220558167, "0.3": -0.6855011582374573, "0.35": -0.705146074295044, "0.4": -0.7449763417243958, "0.45": -0.7693023085594177}, "20": {"0.01": -0.0769914835691452, "0.05": -0.24698276817798615, "0.1": -0.3824591040611267, "0.15": -0.596625804901123, "0.2": -0.6716535687446594, "0.25": -0.7352089881896973, "0.3": -0.7818735837936401, "0.35": -0.8041673898696899, "0.4": -0.8415407538414001, "0.45": -0.8720889687538147}, "21": {"0.01": -0.044244006276130676, "0.05": -0.19565777480602264, "0.1": -0.4079369306564331, "0.15": -0.5173596143722534, "0.2": -0.6072478890419006, "0.25": -0.6767935752868652, "0.3": -0.7069774270057678, "0.35": -0.7523719668388367, "0.4": -0.7957093119621277, "0.45": -0.8407731652259827}}