{"1": {"0.01": -2.1599887986667454e-05, "0.05": -0.0004246792523190379, "0.1": -0.0014652118552476168, "0.15": -0.004967338405549526, "0.2": -0.01577928103506565, "0.25": -0.01794237084686756, "0.3": -0.030753986909985542, "0.35": -0.04662663862109184, "0.4": -0.06599508225917816, "0.45": -0.07889696210622787}, "2": {"0.01": -8.953820361057296e-05, "0.05": -0.0025531798601150513, "0.1": -0.0037769523914903402, "0.15": -0.02011112868785858, "0.2": -0.06514253467321396, "0.25": -0.07991667091846466, "0.3": -0.10653354972600937, "0.35": -0.17669777572155, "0.4": -0.2233687788248062, "0.45": -0.2657746374607086}, "3": {"0.01": -0.00010900664346991107, "0.05": -0.0068321735598146915, "0.1": -0.03699406236410141, "0.15": -0.08508306741714478, "0.2": -0.15382881462574005, "0.25": -0.29870742559432983, "0.3": -0.3888161778450012, "0.35": -0.467523455619812, "0.4": -0.5318648815155029, "0.45": -0.5811524987220764}, "4": {"0.01": -0.00045697050518356264, "0.05": -0.004427375737577677, "0.1": -0.06854657828807831, "0.15": -0.13382937014102936, "0.2": -0.17607508599758148, "0.25": -0.23573578894138336, "0.3": -0.34543317556381226, "0.35": -0.41929852962493896, "0.4": -0.4619537889957428, "0.45": -0.5887207388877869}, "5": {"0.01": -0.0006632565055042505, "0.05": -0.08430934697389603, "0.1": -0.18326665461063385, "0.15": -0.31485944986343384, "0.2": -0.4053473472595215, "0.25": -0.44363418221473694, "0.3": -0.4903239905834198, "0.35": -0.5464252233505249, "0.4": -0.6096821427345276, "0.45": -0.6729714274406433}, "6": {"0.01": -0.0005741256754845381, "0.05": -0.03346124663949013, "0.1": -0.1037861779332161, "0.15": -0.18301020562648773, "0.2": -0.275461345911026, "0.25": -0.3937687575817108, "0.3": -0.46620455384254456, "0.35": -0.5368766784667969, "0.4": -0.5557410717010498, "0.45": -0.6313482522964478}, "7": {"0.01": -0.012149902991950512, "0.05": -0.07168935239315033, "0.1": -0.14323441684246063, "0.15": -0.23726648092269897, "0.2": -0.30126118659973145, "0.25": -0.4122565984725952, "0.3": -0.4703754484653473, "0.35": -0.5416430234909058, "0.4": -0.557259738445282, "0.45": -0.6381794810295105}, "8": {"0.01": -0.002688688924536109, "0.05": -0.05157727375626564, "0.1": -0.16270269453525543, "0.15": -0.2861359119415283, "0.2": -0.3907497823238373, "0.25": -0.4672660231590271, "0.3": -0.5196315050125122, "0.35": -0.5636612772941589, "0.4": -0.6240401268005371, "0.45": -0.7642515897750854}, "9": {"0.01": -0.007476954720914364, "0.05": -0.07416129112243652, "0.1": -0.17648930847644806, "0.15": -0.29963231086730957, "0.2": -0.328138530254364, "0.25": -0.3921433389186859, "0.3": -0.5840845108032227, "0.35": -0.6380670070648193, "0.4": -0.661455512046814, "0.45": -0.7535759806632996}, "10": {"0.01": -0.0003141502384096384, "0.05": -0.04282144084572792, "0.1": -0.142979696393013, "0.15": -0.2894958555698395, "0.2": -0.3809709846973419, "0.25": -0.48073437809944153, "0.3": -0.5254303216934204, "0.35": -0.5902267098426819, "0.4": -0.675055205821991, "0.45": -0.7279366850852966}, "11": {"0.01": -0.0006469172076322138, "0.05": -0.08138825744390488, "0.1": -0.2872130870819092, "0.15": -0.4235561490058899, "0.2": -0.5024527311325073, "0.25": -0.5918650031089783, "0.3": -0.6169964075088501, "0.35": -0.6625196933746338, "0.4": -0.7176747918128967, "0.45": -0.786682665348053}, "12": {"0.01": -0.0007432156708091497, "0.05": -0.07337577641010284, "0.1": -0.39401838183403015, "0.15": -0.4417995512485504, "0.2": -0.49276408553123474, "0.25": -0.5860999226570129, "0.3": -0.6237667798995972, "0.35": -0.726628303527832, "0.4": -0.7545878887176514, "0.45": -0.7981680631637573}, "13": {"0.01": -0.008726636879146099, "0.05": -0.13921816647052765, "0.1": -0.22045506536960602, "0.15": -0.38273701071739197, "0.2": -0.4543360769748688, "0.25": -0.4883703589439392, "0.3": -0.5728455185890198, "0.35": -0.7064705491065979, "0.4": -0.7724440097808838, "0.45": -0.8128867745399475}, "14": {"0.01": -0.0204379353672266, "0.05": -0.15184108912944794, "0.1": -0.28339242935180664, "0.15": -0.3954301178455353, "0.2": -0.437412291765213, "0.25": -0.5633392930030823, "0.3": -0.6530979871749878, "0.35": -0.7203211784362793, "0.4": -0.7558248043060303, "0.45": -0.8323702216148376}, "15": {"0.01": -0.001990801887586713, "0.05": -0.09828408062458038, "0.1": -0.31332507729530334, "0.15": -0.43176230788230896, "0.2": -0.5148048996925354, "0.25": -0.5606463551521301, "0.3": -0.6393390893936157, "0.35": -0.6775178909301758, "0.4": -0.7266622185707092, "0.45": -0.7888385057449341}, "16": {"0.01": -0.010838315822184086, "0.05": -0.1493503600358963, "0.1": -0.29247111082077026, "0.15": -0.3729369342327118, "0.2": -0.44690847396850586, "0.25": -0.5286605954170227, "0.3": -0.6502752304077148, "0.35": -0.6745610237121582, "0.4": -0.7444424033164978, "0.45": -0.7791908979415894}, "17": {"0.01": -0.014551321975886822, "0.05": -0.0962599441409111, "0.1": -0.25915729999542236, "0.15": -0.37197911739349365, "0.2": -0.5043569803237915, "0.25": -0.6089590191841125, "0.3": -0.6912437677383423, "0.35": -0.7417629957199097, "0.4": -0.790695071220398, "0.45": -0.8390796184539795}, "18": {"0.01": -0.0019127059495076537, "0.05": -0.15547588467597961, "0.1": -0.3777511715888977, "0.15": -0.5398077368736267, "0.2": -0.5954591631889343, "0.25": -0.6630876064300537, "0.3": -0.7555138468742371, "0.35": -0.8027067184448242, "0.4": -0.8532956838607788, "0.45": -0.8915333151817322}, "19": {"0.01": -0.015131994150578976, "0.05": -0.20236767828464508, "0.1": -0.4179528057575226, "0.15": -0.4524054527282715, "0.2": -0.5160980224609375, "0.25": -0.5406274795532227, "0.3": -0.6772222518920898, "0.35": -0.767723560333252, "0.4": -0.8322408199310303, "0.45": -0.8461612462997437}, "20": {"0.01": -0.009834772907197475, "0.05": -0.09315672516822815, "0.1": -0.2633899748325348, "0.15": -0.4336850047111511, "0.2": -0.5095955729484558, "0.25": -0.5811416506767273, "0.3": -0.6998412609100342, "0.35": -0.7467217445373535, "0.4": -0.7813994288444519, "0.45": -0.8094227910041809}, "21": {"0.01": -0.06434878706932068, "0.05": -0.3369930684566498, "0.1": -0.4335578680038452, "0.15": -0.5910580158233643, "0.2": -0.6333244442939758, "0.25": -0.6849150657653809, "0.3": -0.72281813621521, "0.35": -0.7764140367507935, "0.4": -0.797206699848175, "0.45": -0.836683988571167}}