{"1": {"0.01": -0.002170153195038438, "0.05": -0.006530337035655975, "0.1": -0.01693587750196457, "0.15": -0.03629867732524872, "0.2": -0.044684037566185, "0.25": -0.05803799629211426, "0.3": -0.07562347501516342, "0.35": -0.10382435470819473, "0.4": -0.18633350729942322, "0.45": -0.25831303000450134}, "2": {"0.01": -0.0016561091179028153, "0.05": -0.004594674799591303, "0.1": -0.01223183237016201, "0.15": -0.02267877571284771, "0.2": -0.04249824583530426, "0.25": -0.05133378505706787, "0.3": -0.10232111066579819, "0.35": -0.14391672611236572, "0.4": -0.18006253242492676, "0.45": -0.24259904026985168}, "3": {"0.01": -0.0027405046857893467, "0.05": -0.005200153216719627, "0.1": -0.013879221864044666, "0.15": -0.039699386805295944, "0.2": -0.058339450508356094, "0.25": -0.10525546967983246, "0.3": -0.13251715898513794, "0.35": -0.1711067408323288, "0.4": -0.23012061417102814, "0.45": -0.26352420449256897}, "4": {"0.01": -0.0019158769864588976, "0.05": -0.013759852387011051, "0.1": -0.02450454980134964, "0.15": -0.04484586790204048, "0.2": -0.05961427837610245, "0.25": -0.1089739054441452, "0.3": -0.15217134356498718, "0.35": -0.21574987471103668, "0.4": -0.2875986695289612, "0.45": -0.3764338195323944}, "5": {"0.01": -0.005056910216808319, "0.05": -0.01556604728102684, "0.1": -0.02917843870818615, "0.15": -0.03633452206850052, "0.2": -0.05524246767163277, "0.25": -0.06647416204214096, "0.3": -0.10713762789964676, "0.35": -0.19294312596321106, "0.4": -0.24529358744621277, "0.45": -0.341046005487442}, "6": {"0.01": -0.004005533643066883, "0.05": -0.011967901140451431, "0.1": -0.030336767435073853, "0.15": -0.043594274669885635, "0.2": -0.06794513761997223, "0.25": -0.10352014750242233, "0.3": -0.13807351887226105, "0.35": -0.19591441750526428, "0.4": -0.2654304802417755, "0.45": -0.31284159421920776}, "7": {"0.01": -0.001923549803905189, "0.05": -0.012369191274046898, "0.1": -0.027696454897522926, "0.15": -0.04018346220254898, "0.2": -0.06030082330107689, "0.25": -0.09400849789381027, "0.3": -0.16206641495227814, "0.35": -0.20492589473724365, "0.4": -0.29947346448898315, "0.45": -0.3635709285736084}, "8": {"0.01": -0.0009106185170821846, "0.05": -0.013678877614438534, "0.1": -0.030932309105992317, "0.15": -0.05505802482366562, "0.2": -0.08962882310152054, "0.25": -0.1415686160326004, "0.3": -0.1910557895898819, "0.35": -0.30078330636024475, "0.4": -0.3937184810638428, "0.45": -0.46570608019828796}, "9": {"0.01": -0.0010300867725163698, "0.05": -0.007062284741550684, "0.1": -0.025455918163061142, "0.15": -0.03702658414840698, "0.2": -0.044399507343769073, "0.25": -0.08443254232406616, "0.3": -0.1292499601840973, "0.35": -0.16505976021289825, "0.4": -0.25392183661460876, "0.45": -0.34478849172592163}, "10": {"0.01": -0.0006255505722947419, "0.05": -0.009565896354615688, "0.1": -0.025331303477287292, "0.15": -0.040622398257255554, "0.2": -0.06849022209644318, "0.25": -0.10646600276231766, "0.3": -0.19404838979244232, "0.35": -0.24076083302497864, "0.4": -0.3799254596233368, "0.45": -0.464139461517334}, "11": {"0.01": -0.003126816125586629, "0.05": -0.019715679809451103, "0.1": -0.03602107614278793, "0.15": -0.052832506597042084, "0.2": -0.0822722464799881, "0.25": -0.10457155853509903, "0.3": -0.17946019768714905, "0.35": -0.23439812660217285, "0.4": -0.29437491297721863, "0.45": -0.3646426796913147}, "12": {"0.01": -0.0014997203834354877, "0.05": -0.008540441282093525, "0.1": -0.01750289276242256, "0.15": -0.04391198605298996, "0.2": -0.07006997615098953, "0.25": -0.1091928705573082, "0.3": -0.17717158794403076, "0.35": -0.24907061457633972, "0.4": -0.28559088706970215, "0.45": -0.3713753819465637}, "13": {"0.01": -0.001622916548512876, "0.05": -0.006676216144114733, "0.1": -0.02802220731973648, "0.15": -0.038813769817352295, "0.2": -0.06368821859359741, "0.25": -0.10612259805202484, "0.3": -0.1979377120733261, "0.35": -0.280253142118454, "0.4": -0.3785916566848755, "0.45": -0.4396762251853943}, "14": {"0.01": -0.0019241060363128781, "0.05": -0.01199435070157051, "0.1": -0.027710989117622375, "0.15": -0.04670536518096924, "0.2": -0.07692360877990723, "0.25": -0.11885158717632294, "0.3": -0.2065424621105194, "0.35": -0.26236554980278015, "0.4": -0.3715287148952484, "0.45": -0.4407723546028137}, "15": {"0.01": -0.0016945127863436937, "0.05": -0.009366058744490147, "0.1": -0.028228353708982468, "0.15": -0.056489113718271255, "0.2": -0.10874069482088089, "0.25": -0.15536090731620789, "0.3": -0.19591441750526428, "0.35": -0.24417121708393097, "0.4": -0.3490009605884552, "0.45": -0.41662928462028503}, "16": {"0.01": -0.004598140250891447, "0.05": -0.013766392134130001, "0.1": -0.028142686933279037, "0.15": -0.040368422865867615, "0.2": -0.08538036793470383, "0.25": -0.11829975247383118, "0.3": -0.15503740310668945, "0.35": -0.2100975215435028, "0.4": -0.2769068479537964, "0.45": -0.35939523577690125}, "17": {"0.01": -0.0003350014449097216, "0.05": -0.010974936187267303, "0.1": -0.028686726465821266, "0.15": -0.04263599216938019, "0.2": -0.09287868440151215, "0.25": -0.15331535041332245, "0.3": -0.2263891100883484, "0.35": -0.29822036623954773, "0.4": -0.3626731336116791, "0.45": -0.42698848247528076}, "18": {"0.01": -0.0016924566589295864, "0.05": -0.008379769511520863, "0.1": -0.028818031772971153, "0.15": -0.038737956434488297, "0.2": -0.06043138727545738, "0.25": -0.10765452682971954, "0.3": -0.18413114547729492, "0.35": -0.26116958260536194, "0.4": -0.32545506954193115, "0.45": -0.40095245838165283}, "19": {"0.01": -0.003556412411853671, "0.05": -0.00746572483330965, "0.1": -0.028099503368139267, "0.15": -0.053681790828704834, "0.2": -0.07557063549757004, "0.25": -0.11977806687355042, "0.3": -0.1610184907913208, "0.35": -0.2448725700378418, "0.4": -0.34946492314338684, "0.45": -0.4529445469379425}, "20": {"0.01": -0.0007023498765192926, "0.05": -0.009537584148347378, "0.1": -0.022159384563565254, "0.15": -0.029102198779582977, "0.2": -0.045003946870565414, "0.25": -0.07619869709014893, "0.3": -0.10384856164455414, "0.35": -0.19834215939044952, "0.4": -0.2641972005367279, "0.45": -0.3406248390674591}, "21": {"0.01": -0.0019144404213875532, "0.05": -0.00968452263623476, "0.1": -0.025255557149648666, "0.15": -0.03407583758234978, "0.2": -0.04695869982242584, "0.25": -0.07527212798595428, "0.3": -0.11410576850175858, "0.35": -0.17176368832588196, "0.4": -0.25594955682754517, "0.45": -0.34648922085762024}}