{"1": {"0.01": -0.0007095913751982152, "0.05": -0.0035790002439171076, "0.1": -0.017698710784316063, "0.15": -0.029826143756508827, "0.2": -0.05246642604470253, "0.25": -0.06676878035068512, "0.3": -0.0816342681646347, "0.35": -0.12804901599884033, "0.4": -0.19929686188697815, "0.45": -0.26299962401390076}, "2": {"0.01": -0.0027930105570703745, "0.05": -0.010865633375942707, "0.1": -0.04259369522333145, "0.15": -0.056054726243019104, "0.2": -0.09928283840417862, "0.25": -0.1390528529882431, "0.3": -0.16690129041671753, "0.35": -0.204413041472435, "0.4": -0.27847787737846375, "0.45": -0.3230435252189636}, "3": {"0.01": -0.0004865851369686425, "0.05": -0.008558259345591068, "0.1": -0.031920596957206726, "0.15": -0.06410393118858337, "0.2": -0.10049581527709961, "0.25": -0.1475454568862915, "0.3": -0.1909540891647339, "0.35": -0.25162672996520996, "0.4": -0.3088994324207306, "0.45": -0.40322941541671753}, "4": {"0.01": -0.0009028169442899525, "0.05": -0.026414217427372932, "0.1": -0.09816906601190567, "0.15": -0.14848849177360535, "0.2": -0.20624588429927826, "0.25": -0.2320566028356552, "0.3": -0.29631516337394714, "0.35": -0.34620729088783264, "0.4": -0.43917644023895264, "0.45": -0.5290911793708801}, "5": {"0.01": -0.001165304216556251, "0.05": -0.014691689983010292, "0.1": -0.03636445850133896, "0.15": -0.07473335415124893, "0.2": -0.12804901599884033, "0.25": -0.15886440873146057, "0.3": -0.22354969382286072, "0.35": -0.2705017626285553, "0.4": -0.33767879009246826, "0.45": -0.4358043968677521}, "6": {"0.01": -0.0031063833739608526, "0.05": -0.018033817410469055, "0.1": -0.03277161717414856, "0.15": -0.058474160730838776, "0.2": -0.11447305232286453, "0.25": -0.1641269028186798, "0.3": -0.209108367562294, "0.35": -0.26276975870132446, "0.4": -0.3177480101585388, "0.45": -0.4177417755126953}, "7": {"0.01": -0.0035914189647883177, "0.05": -0.015446482226252556, "0.1": -0.03030397929251194, "0.15": -0.07184809446334839, "0.2": -0.11325828731060028, "0.25": -0.19890044629573822, "0.3": -0.24977631866931915, "0.35": -0.30870321393013, "0.4": -0.39258745312690735, "0.45": -0.47729381918907166}, "8": {"0.01": -0.0010286221513524652, "0.05": -0.012294841930270195, "0.1": -0.03387269750237465, "0.15": -0.07363476604223251, "0.2": -0.10493949055671692, "0.25": -0.1710830181837082, "0.3": -0.22866104543209076, "0.35": -0.30274540185928345, "0.4": -0.3674713373184204, "0.45": -0.48448580503463745}, "9": {"0.01": -0.0031493271235376596, "0.05": -0.015523655340075493, "0.1": -0.04037544131278992, "0.15": -0.08811505138874054, "0.2": -0.12742549180984497, "0.25": -0.24763840436935425, "0.3": -0.29947346448898315, "0.35": -0.34702885150909424, "0.4": -0.4265880882740021, "0.45": -0.4697335660457611}, "10": {"0.01": -0.0045850626192986965, "0.05": -0.02256842888891697, "0.1": -0.04159098491072655, "0.15": -0.07876653969287872, "0.2": -0.1507393717765808, "0.25": -0.23373772203922272, "0.3": -0.26517122983932495, "0.35": -0.3304811716079712, "0.4": -0.3860362470149994, "0.45": -0.43892398476600647}, "11": {"0.01": -0.0055902209132909775, "0.05": -0.015524237416684628, "0.1": -0.03313612937927246, "0.15": -0.06927569955587387, "0.2": -0.13072450459003448, "0.25": -0.22615328431129456, "0.3": -0.2973604202270508, "0.35": -0.32928356528282166, "0.4": -0.3961108922958374, "0.45": -0.5373608469963074}, "12": {"0.01": -0.002451215870678425, "0.05": -0.013469726778566837, "0.1": -0.07473333925008774, "0.15": -0.10088536143302917, "0.2": -0.1708708107471466, "0.25": -0.23252427577972412, "0.3": -0.28703150153160095, "0.35": -0.3512537181377411, "0.4": -0.41563859581947327, "0.45": -0.5109958052635193}, "13": {"0.01": -0.004004172049462795, "0.05": -0.025836635380983353, "0.1": -0.04295021668076515, "0.15": -0.05979892984032631, "0.2": -0.128753200173378, "0.25": -0.19546274840831757, "0.3": -0.2467150092124939, "0.35": -0.3179559111595154, "0.4": -0.3875481188297272, "0.45": -0.485343873500824}, "14": {"0.01": -0.00405462272465229, "0.05": -0.024334020912647247, "0.1": -0.07857480645179749, "0.15": -0.12974905967712402, "0.2": -0.2289932817220688, "0.25": -0.3159768581390381, "0.3": -0.39666590094566345, "0.35": -0.45957526564598083, "0.4": -0.5458402037620544, "0.45": -0.6436628103256226}, "15": {"0.01": -0.002998283365741372, "0.05": -0.010916060768067837, "0.1": -0.04652855172753334, "0.15": -0.06384287774562836, "0.2": -0.09425103664398193, "0.25": -0.14597345888614655, "0.3": -0.18320751190185547, "0.35": -0.2630891501903534, "0.4": -0.34228476881980896, "0.45": -0.3888796865940094}, "16": {"0.01": -0.0008015065104700625, "0.05": -0.015186747536063194, "0.1": -0.043488528579473495, "0.15": -0.07620246708393097, "0.2": -0.10533390194177628, "0.25": -0.18913161754608154, "0.3": -0.23032408952713013, "0.35": -0.28967341780662537, "0.4": -0.3833678960800171, "0.45": -0.45294472575187683}, "17": {"0.01": -0.0014904995914548635, "0.05": -0.017400383949279785, "0.1": -0.03435052931308746, "0.15": -0.06439241021871567, "0.2": -0.12068580836057663, "0.25": -0.1502423882484436, "0.3": -0.21140649914741516, "0.35": -0.29778456687927246, "0.4": -0.34426456689834595, "0.45": -0.453955739736557}, "18": {"0.01": -0.005904522258788347, "0.05": -0.017249569296836853, "0.1": -0.04698188230395317, "0.15": -0.07942017912864685, "0.2": -0.14195415377616882, "0.25": -0.24613408744335175, "0.3": -0.30534908175468445, "0.35": -0.3354445993900299, "0.4": -0.3860362470149994, "0.45": -0.4731006920337677}, "19": {"0.01": -0.004049515817314386, "0.05": -0.010796126909554005, "0.1": -0.03271478787064552, "0.15": -0.07227063924074173, "0.2": -0.14410282671451569, "0.25": -0.2361634075641632, "0.3": -0.3259974420070648, "0.35": -0.39196258783340454, "0.4": -0.442044198513031, "0.45": -0.517240047454834}, "20": {"0.01": -0.0010284812888130546, "0.05": -0.015214171260595322, "0.1": -0.053811702877283096, "0.15": -0.09353768080472946, "0.2": -0.14730553328990936, "0.25": -0.20116186141967773, "0.3": -0.2842136323451996, "0.35": -0.4181874692440033, "0.4": -0.49946051836013794, "0.45": -0.5854108929634094}, "21": {"0.01": -0.00958520732820034, "0.05": -0.022053658962249756, "0.1": -0.04074946790933609, "0.15": -0.07812011986970901, "0.2": -0.1179080456495285, "0.25": -0.1865069419145584, "0.3": -0.2620181143283844, "0.35": -0.3364011347293854, "0.4": -0.37106892466545105, "0.45": -0.4265880882740021}}