{"1": {"0.01": -0.00013975566253066063, "0.05": -0.004767260979861021, "0.1": -0.017635511234402657, "0.15": -0.02665172517299652, "0.2": -0.05642853304743767, "0.25": -0.08257994800806046, "0.3": -0.1053275465965271, "0.35": -0.12874671816825867, "0.4": -0.19452939927577972, "0.45": -0.2816893458366394}, "2": {"0.01": -0.00029507442377507687, "0.05": -0.0052011325024068356, "0.1": -0.013866287656128407, "0.15": -0.025067303329706192, "0.2": -0.03797316178679466, "0.25": -0.06272165477275848, "0.3": -0.09484240412712097, "0.35": -0.14746983349323273, "0.4": -0.20117229223251343, "0.45": -0.2384985089302063}, "3": {"0.01": -0.0007790446397848427, "0.05": -0.002796498592942953, "0.1": -0.02592473104596138, "0.15": -0.04642270505428314, "0.2": -0.05991598591208458, "0.25": -0.10360071063041687, "0.3": -0.16316978633403778, "0.35": -0.2150883674621582, "0.4": -0.26000112295150757, "0.45": -0.3119552433490753}, "4": {"0.01": -0.0005481600528582931, "0.05": -0.005192164797335863, "0.1": -0.020049158483743668, "0.15": -0.032976459711790085, "0.2": -0.06358553469181061, "0.25": -0.11047278344631195, "0.3": -0.176026850938797, "0.35": -0.19894014298915863, "0.4": -0.23661750555038452, "0.45": -0.33114948868751526}, "5": {"0.01": -0.00037912922562099993, "0.05": -0.00515711447224021, "0.1": -0.01338131818920374, "0.15": -0.03173147514462471, "0.2": -0.06901589035987854, "0.25": -0.09573572129011154, "0.3": -0.1416986584663391, "0.35": -0.1677091270685196, "0.4": -0.24784933030605316, "0.45": -0.35967719554901123}, "6": {"0.01": -0.0004300356958992779, "0.05": -0.004605493042618036, "0.1": -0.01526662614196539, "0.15": -0.03654896467924118, "0.2": -0.06840004026889801, "0.25": -0.10062957555055618, "0.3": -0.12995906174182892, "0.35": -0.17121431231498718, "0.4": -0.2117515653371811, "0.45": -0.3139287233352661}, "7": {"0.01": -0.0017149755731225014, "0.05": -0.007081410847604275, "0.1": -0.025470903143286705, "0.15": -0.04832367226481438, "0.2": -0.06565937399864197, "0.25": -0.08652382344007492, "0.3": -0.11692588776350021, "0.35": -0.1636970192193985, "0.4": -0.23046939074993134, "0.45": -0.2696514129638672}, "8": {"0.01": -0.0008957873797044158, "0.05": -0.009701640345156193, "0.1": -0.032990530133247375, "0.15": -0.059805795550346375, "0.2": -0.08463510125875473, "0.25": -0.12103118002414703, "0.3": -0.16184444725513458, "0.35": -0.23955871164798737, "0.4": -0.33892685174942017, "0.45": -0.42065954208374023}, "9": {"0.01": -0.0008965446613729, "0.05": -0.012070976197719574, "0.1": -0.03287741541862488, "0.15": -0.054258618503808975, "0.2": -0.07512950152158737, "0.25": -0.11516497284173965, "0.3": -0.16308645904064178, "0.35": -0.2108297348022461, "0.4": -0.2601197063922882, "0.45": -0.3112785220146179}, "10": {"0.01": -0.002090293215587735, "0.05": -0.011226159520447254, "0.1": -0.04289644956588745, "0.15": -0.07808057218790054, "0.2": -0.1112256869673729, "0.25": -0.15717843174934387, "0.3": -0.1992378979921341, "0.35": -0.2625458538532257, "0.4": -0.3182308077812195, "0.45": -0.35647323727607727}, "11": {"0.01": -0.0018716935301199555, "0.05": -0.007573792245239019, "0.1": -0.028696361929178238, "0.15": -0.08780018240213394, "0.2": -0.11817032843828201, "0.25": -0.139858216047287, "0.3": -0.19760660827159882, "0.35": -0.23320938646793365, "0.4": -0.28563040494918823, "0.45": -0.34966087341308594}, "12": {"0.01": -0.0012880382128059864, "0.05": -0.007603311911225319, "0.1": -0.04402429983019829, "0.15": -0.06496704369783401, "0.2": -0.10190816223621368, "0.25": -0.16726689040660858, "0.3": -0.2012740671634674, "0.35": -0.280253142118454, "0.4": -0.3784330487251282, "0.45": -0.45678645372390747}, "13": {"0.01": -0.0004857634485233575, "0.05": -0.004632114432752132, "0.1": -0.026579231023788452, "0.15": -0.05358601361513138, "0.2": -0.07718280702829361, "0.25": -0.1298106610774994, "0.3": -0.1625412106513977, "0.35": -0.21576514840126038, "0.4": -0.26426658034324646, "0.45": -0.3302803635597229}, "14": {"0.01": -0.0008973607909865677, "0.05": -0.010188913904130459, "0.1": -0.03233352676033974, "0.15": -0.06363867968320847, "0.2": -0.09494373947381973, "0.25": -0.12574462592601776, "0.3": -0.16336582601070404, "0.35": -0.242069274187088, "0.4": -0.31397029757499695, "0.45": -0.37167057394981384}, "15": {"0.01": -0.0018378052627667785, "0.05": -0.006365189328789711, "0.1": -0.03135514259338379, "0.15": -0.043829452246427536, "0.2": -0.08646183460950851, "0.25": -0.09870412200689316, "0.3": -0.14742755889892578, "0.35": -0.2109660506248474, "0.4": -0.2912372350692749, "0.45": -0.3744001090526581}, "16": {"0.01": -0.0016588278813287616, "0.05": -0.015886889770627022, "0.1": -0.03288191184401512, "0.15": -0.05755234137177467, "0.2": -0.09877465665340424, "0.25": -0.11537353694438934, "0.3": -0.20086570084095, "0.35": -0.26055610179901123, "0.4": -0.3292396366596222, "0.45": -0.38453149795532227}, "17": {"0.01": -0.0016052285209298134, "0.05": -0.008573287166655064, "0.1": -0.02719777449965477, "0.15": -0.048038117587566376, "0.2": -0.0881919115781784, "0.25": -0.1314486265182495, "0.3": -0.18116062879562378, "0.35": -0.24173687398433685, "0.4": -0.28558558225631714, "0.45": -0.31330952048301697}, "18": {"0.01": -0.0016496662283316255, "0.05": -0.019622331485152245, "0.1": -0.05162205174565315, "0.15": -0.08152259141206741, "0.2": -0.123023621737957, "0.25": -0.16187432408332825, "0.3": -0.21469782292842865, "0.35": -0.2793370485305786, "0.4": -0.3177480101585388, "0.45": -0.4056144654750824}, "19": {"0.01": -0.0010258015245199203, "0.05": -0.013709411025047302, "0.1": -0.05118117481470108, "0.15": -0.07957182079553604, "0.2": -0.1151813492178917, "0.25": -0.14730551838874817, "0.3": -0.19941750168800354, "0.35": -0.2577195167541504, "0.4": -0.3262317478656769, "0.45": -0.4597164988517761}, "20": {"0.01": -0.000993667752481997, "0.05": -0.008273802697658539, "0.1": -0.028992729261517525, "0.15": -0.053350526839494705, "0.2": -0.08355868607759476, "0.25": -0.13699740171432495, "0.3": -0.1665855050086975, "0.35": -0.20092521607875824, "0.4": -0.23687627911567688, "0.45": -0.28415393829345703}, "21": {"0.01": -0.0018896753899753094, "0.05": -0.013735075481235981, "0.1": -0.05177881568670273, "0.15": -0.08169610053300858, "0.2": -0.10615372657775879, "0.25": -0.13274773955345154, "0.3": -0.1626279354095459, "0.35": -0.23303009569644928, "0.4": -0.2816182076931, "0.45": -0.35208219289779663}}