{"1": {"0.01": -0.0014379749773070216, "0.05": -0.006898823659867048, "0.1": -0.012862974777817726, "0.15": -0.03192661702632904, "0.2": -0.06642594933509827, "0.25": -0.14167529344558716, "0.3": -0.1960001289844513, "0.35": -0.24244609475135803, "0.4": -0.3030892014503479, "0.45": -0.36233383417129517}, "2": {"0.01": -0.001641291775740683, "0.05": -0.010328910313546658, "0.1": -0.025132669135928154, "0.15": -0.052775438874959946, "0.2": -0.11694713681936264, "0.25": -0.15710118412971497, "0.3": -0.20718370378017426, "0.35": -0.2603502571582794, "0.4": -0.3385232388973236, "0.45": -0.5170665383338928}, "3": {"0.01": -0.0014342381618916988, "0.05": -0.013105707243084908, "0.1": -0.03987978771328926, "0.15": -0.0840783566236496, "0.2": -0.17161206901073456, "0.25": -0.22368179261684418, "0.3": -0.2827194035053253, "0.35": -0.34356850385665894, "0.4": -0.4318598508834839, "0.45": -0.5648585557937622}, "4": {"0.01": -0.006918399129062891, "0.05": -0.014016173779964447, "0.1": -0.03987978771328926, "0.15": -0.0808294340968132, "0.2": -0.20175622403621674, "0.25": -0.2617046535015106, "0.3": -0.31663888692855835, "0.35": -0.38869431614875793, "0.4": -0.4551818370819092, "0.45": -0.49640434980392456}, "5": {"0.01": -0.001007059239782393, "0.05": -0.00987611711025238, "0.1": -0.02701880969107151, "0.15": -0.07150039821863174, "0.2": -0.17310483753681183, "0.25": -0.23199665546417236, "0.3": -0.3821451663970947, "0.35": -0.49914273619651794, "0.4": -0.5552291870117188, "0.45": -0.6672174334526062}, "6": {"0.01": -0.0007648860337212682, "0.05": -0.012566239573061466, "0.1": -0.02173815481364727, "0.15": -0.049398791044950485, "0.2": -0.10211439430713654, "0.25": -0.1897611916065216, "0.3": -0.2580064833164215, "0.35": -0.34954211115837097, "0.4": -0.3997220993041992, "0.45": -0.49184900522232056}, "7": {"0.01": -0.00575738400220871, "0.05": -0.011828993447124958, "0.1": -0.029938362538814545, "0.15": -0.06666150689125061, "0.2": -0.17025183141231537, "0.25": -0.24279965460300446, "0.3": -0.3376580476760864, "0.35": -0.42981481552124023, "0.4": -0.5369443893432617, "0.45": -0.6521582007408142}, "8": {"0.01": -0.0027395605575293303, "0.05": -0.018777238205075264, "0.1": -0.03496813029050827, "0.15": -0.061797093600034714, "0.2": -0.14188805222511292, "0.25": -0.23487263917922974, "0.3": -0.3247916102409363, "0.35": -0.3973062336444855, "0.4": -0.5186353325843811, "0.45": -0.6337259411811829}, "9": {"0.01": -0.0029889577999711037, "0.05": -0.012196341529488564, "0.1": -0.020723259076476097, "0.15": -0.06223747879266739, "0.2": -0.14007438719272614, "0.25": -0.16764162480831146, "0.3": -0.24150264263153076, "0.35": -0.3087586760520935, "0.4": -0.3949194550514221, "0.45": -0.45959073305130005}, "10": {"0.01": -0.004796325694769621, "0.05": -0.0174122117459774, "0.1": -0.03281153365969658, "0.15": -0.12422771006822586, "0.2": -0.19711637496948242, "0.25": -0.28516513109207153, "0.3": -0.37460991740226746, "0.35": -0.4294983446598053, "0.4": -0.5055448412895203, "0.45": -0.629376232624054}, "11": {"0.01": -0.0019246202427893877, "0.05": -0.015077288262546062, "0.1": -0.03632740303874016, "0.15": -0.142680823802948, "0.2": -0.20872460305690765, "0.25": -0.2414129227399826, "0.3": -0.35064399242401123, "0.35": -0.4339643120765686, "0.4": -0.4903794229030609, "0.45": -0.5939856171607971}, "12": {"0.01": -0.0038292871322482824, "0.05": -0.025132669135928154, "0.1": -0.0511811301112175, "0.15": -0.12385895848274231, "0.2": -0.2049802839756012, "0.25": -0.32928356528282166, "0.3": -0.44656941294670105, "0.35": -0.5151455402374268, "0.4": -0.597058117389679, "0.45": -0.7358793616294861}, "13": {"0.01": -0.001499948906712234, "0.05": -0.006301628425717354, "0.1": -0.019885914400219917, "0.15": -0.11486649513244629, "0.2": -0.23643888533115387, "0.25": -0.29059159755706787, "0.3": -0.37014564871788025, "0.35": -0.4699038565158844, "0.4": -0.5037751197814941, "0.45": -0.5935802459716797}, "14": {"0.01": -0.007236791774630547, "0.05": -0.016405077651143074, "0.1": -0.04194176569581032, "0.15": -0.1207975447177887, "0.2": -0.18560665845870972, "0.25": -0.27150610089302063, "0.3": -0.3423773944377899, "0.35": -0.43330860137939453, "0.4": -0.5318796634674072, "0.45": -0.5987343192100525}, "15": {"0.01": -0.0026023369282484055, "0.05": -0.016992319375276566, "0.1": -0.07391084730625153, "0.15": -0.17854659259319305, "0.2": -0.22585996985435486, "0.25": -0.2990237772464752, "0.3": -0.40267106890678406, "0.35": -0.4929727613925934, "0.4": -0.5712690353393555, "0.45": -0.7453188300132751}, "16": {"0.01": -0.006090458016842604, "0.05": -0.01630561426281929, "0.1": -0.026703333482146263, "0.15": -0.14584408700466156, "0.2": -0.2220001071691513, "0.25": -0.2896934449672699, "0.3": -0.3358803689479828, "0.35": -0.46067965030670166, "0.4": -0.525050699710846, "0.45": -0.6009188890457153}, "17": {"0.01": -0.003474244149401784, "0.05": -0.013131366111338139, "0.1": -0.03854473680257797, "0.15": -0.10811752080917358, "0.2": -0.20866025984287262, "0.25": -0.27852994203567505, "0.3": -0.3501043915748596, "0.35": -0.4536094665527344, "0.4": -0.5438618659973145, "0.45": -0.6784312725067139}, "18": {"0.01": -0.006425835657864809, "0.05": -0.014915725216269493, "0.1": -0.04031497612595558, "0.15": -0.08588816970586777, "0.2": -0.2089923769235611, "0.25": -0.28991833329200745, "0.3": -0.40002506971359253, "0.35": -0.49683877825737, "0.4": -0.5908940434455872, "0.45": -0.7118819355964661}, "19": {"0.01": -0.0029857605695724487, "0.05": -0.018853478133678436, "0.1": -0.05764118209481239, "0.15": -0.1588350534439087, "0.2": -0.2533789277076721, "0.25": -0.2887987196445465, "0.3": -0.37446752190589905, "0.35": -0.43998828530311584, "0.4": -0.4793725907802582, "0.45": -0.5494763255119324}, "20": {"0.01": -0.0025220762472599745, "0.05": -0.007322751916944981, "0.1": -0.022886592894792557, "0.15": -0.050260912626981735, "0.2": -0.10636423528194427, "0.25": -0.19170652329921722, "0.3": -0.29539206624031067, "0.35": -0.3784463703632355, "0.4": -0.5114296078681946, "0.45": -0.5681231617927551}, "21": {"0.01": -0.0027613684069365263, "0.05": -0.011595770716667175, "0.1": -0.040236521512269974, "0.15": -0.11882268637418747, "0.2": -0.17761261761188507, "0.25": -0.2630646228790283, "0.3": -0.31835341453552246, "0.35": -0.38336771726608276, "0.4": -0.470306932926178, "0.45": -0.532154381275177}}