{"1": {"0.01": -3.120682549706544e-06, "0.05": -0.0001066263866960071, "0.1": -0.0003929808153770864, "0.15": -0.0009311034227721393, "0.2": -0.002060979837551713, "0.25": -0.003168852534145117, "0.3": -0.00492829317227006, "0.35": -0.007434616331011057, "0.4": -0.009432459250092506, "0.45": -0.014630124904215336}, "2": {"0.01": -1.531237649032846e-05, "0.05": -0.0002457470982335508, "0.1": -0.0008407011046074331, "0.15": -0.0017778844339773059, "0.2": -0.003307701786980033, "0.25": -0.005140507128089666, "0.3": -0.008846375159919262, "0.35": -0.012216305360198021, "0.4": -0.01458799373358488, "0.45": -0.01716003753244877}, "3": {"0.01": -0.0001378232118440792, "0.05": -0.0007253237417899072, "0.1": -0.001630980521440506, "0.15": -0.002813003957271576, "0.2": -0.006513140629976988, "0.25": -0.010963616892695427, "0.3": -0.01588297262787819, "0.35": -0.024005208164453506, "0.4": -0.029571140184998512, "0.45": -0.039637431502342224}, "4": {"0.01": -8.19927518023178e-05, "0.05": -0.0001876138849183917, "0.1": -0.0005846999119967222, "0.15": -0.0014008170692250133, "0.2": -0.003954800311475992, "0.25": -0.005004615522921085, "0.3": -0.00788311380892992, "0.35": -0.011643431149423122, "0.4": -0.02251884713768959, "0.45": -0.0343300998210907}, "5": {"0.01": -0.000118914496852085, "0.05": -0.0010765676852315664, "0.1": -0.001956699648872018, "0.15": -0.002490077866241336, "0.2": -0.00444447435438633, "0.25": -0.007676469627767801, "0.3": -0.01855606585741043, "0.35": -0.027072742581367493, "0.4": -0.028769049793481827, "0.45": -0.0446750782430172}, "6": {"0.01": -3.4130600397475064e-05, "0.05": -0.00022863392950966954, "0.1": -0.0008126398897729814, "0.15": -0.0018174578435719013, "0.2": -0.0034282763954252005, "0.25": -0.0049120644107460976, "0.3": -0.008585798554122448, "0.35": -0.012506762519478798, "0.4": -0.02183944545686245, "0.45": -0.028875794261693954}, "7": {"0.01": -0.00013882388884667307, "0.05": -0.0002841739042196423, "0.1": -0.0020233162213116884, "0.15": -0.003649345366284251, "0.2": -0.005297057796269655, "0.25": -0.011435608379542828, "0.3": -0.019346758723258972, "0.35": -0.030834952369332314, "0.4": -0.048294298350811005, "0.45": -0.068301260471344}, "8": {"0.01": -5.6765398767311126e-05, "0.05": -0.0005958592519164085, "0.1": -0.0012778957607224584, "0.15": -0.0020638254936784506, "0.2": -0.0064114718697965145, "0.25": -0.011209444142878056, "0.3": -0.017661886289715767, "0.35": -0.024907687678933144, "0.4": -0.03411471098661423, "0.45": -0.05315582454204559}, "9": {"0.01": -2.324646629858762e-05, "0.05": -8.319900371134281e-05, "0.1": -0.0007932165171951056, "0.15": -0.001942632021382451, "0.2": -0.0026516190264374018, "0.25": -0.007991461083292961, "0.3": -0.011961177922785282, "0.35": -0.014670917764306068, "0.4": -0.021260952576994896, "0.45": -0.030271021649241447}, "10": {"0.01": -1.9567958588595502e-05, "0.05": -8.743871876504272e-05, "0.1": -0.00048435525968670845, "0.15": -0.0021631179843097925, "0.2": -0.003091194201260805, "0.25": -0.011069027706980705, "0.3": -0.03427700325846672, "0.35": -0.0429612472653389, "0.4": -0.056673090904951096, "0.45": -0.06775280088186264}, "11": {"0.01": -7.987691788002849e-06, "0.05": -0.00011000089580193162, "0.1": -0.0013117097551003098, "0.15": -0.0031993254087865353, "0.2": -0.006488751154392958, "0.25": -0.013055264949798584, "0.3": -0.015481159090995789, "0.35": -0.021125437691807747, "0.4": -0.0341179259121418, "0.45": -0.04464038833975792}, "12": {"0.01": -7.699944399064407e-05, "0.05": -0.000258393760304898, "0.1": -0.0009040007134899497, "0.15": -0.0017976830713450909, "0.2": -0.004732788540422916, "0.25": -0.00905697327107191, "0.3": -0.017317412421107292, "0.35": -0.033852849155664444, "0.4": -0.03873473405838013, "0.45": -0.05869555473327637}, "13": {"0.01": -2.7320997105562128e-05, "0.05": -0.0013664227444678545, "0.1": -0.006500842981040478, "0.15": -0.009429391473531723, "0.2": -0.015459026210010052, "0.25": -0.021552350372076035, "0.3": -0.034933172166347504, "0.35": -0.04448254778981209, "0.4": -0.047927673906087875, "0.45": -0.061456773430109024}, "14": {"0.01": -0.00010672069038264453, "0.05": -0.0004497515328694135, "0.1": -0.0016577158821746707, "0.15": -0.005567632149904966, "0.2": -0.011192366480827332, "0.25": -0.02176007442176342, "0.3": -0.03524297848343849, "0.35": -0.05420554429292679, "0.4": -0.07679291814565659, "0.45": -0.10580895841121674}, "15": {"0.01": -1.4335922060126904e-05, "0.05": -0.00048156914999708533, "0.1": -0.0025917429011315107, "0.15": -0.004381963517516851, "0.2": -0.008199995383620262, "0.25": -0.0185058806091547, "0.3": -0.02661775052547455, "0.35": -0.03894134238362312, "0.4": -0.06091783940792084, "0.45": -0.0790887102484703}, "16": {"0.01": -0.0003928320074919611, "0.05": -0.001991396537050605, "0.1": -0.005579846445471048, "0.15": -0.010765406303107738, "0.2": -0.02202487178146839, "0.25": -0.03049275651574135, "0.3": -0.04016948118805885, "0.35": -0.048794858157634735, "0.4": -0.05964316055178642, "0.45": -0.07494984567165375}, "17": {"0.01": -5.462708213599399e-05, "0.05": -0.000371852598618716, "0.1": -0.00534961000084877, "0.15": -0.00971260853111744, "0.2": -0.01792600005865097, "0.25": -0.022645680233836174, "0.3": -0.03491866961121559, "0.35": -0.04203103482723236, "0.4": -0.055461056530475616, "0.45": -0.08883723616600037}, "18": {"0.01": -0.00011654019181150943, "0.05": -0.001272727968171239, "0.1": -0.003194465534761548, "0.15": -0.004591978155076504, "0.2": -0.0059469472616910934, "0.25": -0.010451997630298138, "0.3": -0.016906747594475746, "0.35": -0.02565259486436844, "0.4": -0.04861250892281532, "0.45": -0.08366777747869492}, "19": {"0.01": -2.7327052521286532e-05, "0.05": -0.003647301811724901, "0.1": -0.013814386911690235, "0.15": -0.020447636023163795, "0.2": -0.02619246207177639, "0.25": -0.03476685285568237, "0.3": -0.04186321794986725, "0.35": -0.05714595690369606, "0.4": -0.07809552550315857, "0.45": -0.10158512741327286}, "20": {"0.01": -4.20712458435446e-05, "0.05": -0.0010695825330913067, "0.1": -0.0036419075913727283, "0.15": -0.01174623891711235, "0.2": -0.021230291575193405, "0.25": -0.036338210105895996, "0.3": -0.039963655173778534, "0.35": -0.05768047273159027, "0.4": -0.07122941315174103, "0.45": -0.08811860531568527}, "21": {"0.01": -7.32926419004798e-05, "0.05": -0.0006470584776252508, "0.1": -0.002689645392820239, "0.15": -0.005048420745879412, "0.2": -0.01109770592302084, "0.25": -0.022824184969067574, "0.3": -0.037767574191093445, "0.35": -0.04426255822181702, "0.4": -0.07086958736181259, "0.45": -0.08779323101043701}}