{"1": {"0.01": -1.5248743693518918e-05, "0.05": -0.00014591196668334305, "0.1": -0.0006767055601812899, "0.15": -0.001562608638778329, "0.2": -0.0022325029131025076, "0.25": -0.0028174908366054296, "0.3": -0.0054669734090566635, "0.35": -0.008332925848662853, "0.4": -0.010260454379022121, "0.45": -0.01278612669557333}, "2": {"0.01": -3.213389618395013e-06, "0.05": -0.0005072898929938674, "0.1": -0.0019414378330111504, "0.15": -0.003127048257738352, "0.2": -0.0064451079815626144, "0.25": -0.007800316903740168, "0.3": -0.011298822239041328, "0.35": -0.015741758048534393, "0.4": -0.01975889317691326, "0.45": -0.026117634028196335}, "3": {"0.01": -1.252180754818255e-05, "0.05": -0.00027776267961598933, "0.1": -0.0006722768303006887, "0.15": -0.0013648621970787644, "0.2": -0.0024965358898043633, "0.25": -0.0036533039528876543, "0.3": -0.006036983337253332, "0.35": -0.009996624663472176, "0.4": -0.015996497124433517, "0.45": -0.021268164739012718}, "4": {"0.01": -8.675015124026686e-06, "0.05": -7.429213292198256e-05, "0.1": -0.00065027637174353, "0.15": -0.0016732218209654093, "0.2": -0.003914280328899622, "0.25": -0.006225809920579195, "0.3": -0.008619851432740688, "0.35": -0.014568873681128025, "0.4": -0.021703314036130905, "0.45": -0.028491560369729996}, "5": {"0.01": -2.0959168978151865e-05, "0.05": -0.00017221570305991918, "0.1": -0.0006147872772999108, "0.15": -0.0012723091058433056, "0.2": -0.002638723934069276, "0.25": -0.005392116494476795, "0.3": -0.00956118293106556, "0.35": -0.015079395845532417, "0.4": -0.019414521753787994, "0.45": -0.02647191658616066}, "6": {"0.01": -1.8481945517123677e-05, "0.05": -0.00023154595692176372, "0.1": -0.00047436694148927927, "0.15": -0.0010127810528501868, "0.2": -0.002972288988530636, "0.25": -0.006650154944509268, "0.3": -0.00887489877641201, "0.35": -0.01701265759766102, "0.4": -0.022108420729637146, "0.45": -0.029606662690639496}, "7": {"0.01": -8.546626486349851e-05, "0.05": -0.0007784540066495538, "0.1": -0.0014931256882846355, "0.15": -0.002634868025779724, "0.2": -0.0032400451600551605, "0.25": -0.0054846713319420815, "0.3": -0.007450176868587732, "0.35": -0.013400436379015446, "0.4": -0.018457133322954178, "0.45": -0.02115372195839882}, "8": {"0.01": -1.871691711130552e-05, "0.05": -0.0003074061532970518, "0.1": -0.0012150007532909513, "0.15": -0.002910653129220009, "0.2": -0.0043154251761734486, "0.25": -0.00896068848669529, "0.3": -0.010974179953336716, "0.35": -0.017768673598766327, "0.4": -0.03592866659164429, "0.45": -0.04904155433177948}, "9": {"0.01": -3.590052074287087e-05, "0.05": -0.0014035317581146955, "0.1": -0.0030644256621599197, "0.15": -0.006891080643981695, "0.2": -0.00799337774515152, "0.25": -0.00955009926110506, "0.3": -0.014927159063518047, "0.35": -0.01910562254488468, "0.4": -0.024730714038014412, "0.45": -0.03484102711081505}, "10": {"0.01": -1.100948156818049e-05, "0.05": -0.00024103389296215028, "0.1": -0.0010624182177707553, "0.15": -0.002068324014544487, "0.2": -0.003446295391768217, "0.25": -0.007185658439993858, "0.3": -0.010235527530312538, "0.35": -0.013861430808901787, "0.4": -0.022104453295469284, "0.45": -0.03159823268651962}, "11": {"0.01": -6.434027000068454e-06, "0.05": -4.053029988426715e-05, "0.1": -0.0011134549276903272, "0.15": -0.001892647473141551, "0.2": -0.003449223469942808, "0.25": -0.005775215569883585, "0.3": -0.008019332773983479, "0.35": -0.010244857519865036, "0.4": -0.01702165976166725, "0.45": -0.026753025129437447}, "12": {"0.01": -4.378077392175328e-06, "0.05": -6.645612302236259e-05, "0.1": -0.0013228148454800248, "0.15": -0.003738534403964877, "0.2": -0.0062569743022322655, "0.25": -0.010064319707453251, "0.3": -0.020109346136450768, "0.35": -0.026849711313843727, "0.4": -0.038800910115242004, "0.45": -0.050225552171468735}, "13": {"0.01": -0.0001573211484355852, "0.05": -0.00042566092452034354, "0.1": -0.004073896445333958, "0.15": -0.007426325231790543, "0.2": -0.016736680641770363, "0.25": -0.02214261144399643, "0.3": -0.03755505755543709, "0.35": -0.05112168937921524, "0.4": -0.09419994056224823, "0.45": -0.12503300607204437}, "14": {"0.01": -3.0301885090011638e-06, "0.05": -2.1706056941184215e-05, "0.1": -0.0005867845611646771, "0.15": -0.0032180645503103733, "0.2": -0.00542909512296319, "0.25": -0.006764962337911129, "0.3": -0.010502543300390244, "0.35": -0.02412036433815956, "0.4": -0.029304781928658485, "0.45": -0.03443482145667076}, "15": {"0.01": -2.7634590878733434e-05, "0.05": -0.0001579654635861516, "0.1": -0.003942439798265696, "0.15": -0.009830569848418236, "0.2": -0.01531499158591032, "0.25": -0.019061163067817688, "0.3": -0.03214786946773529, "0.35": -0.03846103698015213, "0.4": -0.05181215703487396, "0.45": -0.07239177078008652}, "16": {"0.01": -0.0001793547417037189, "0.05": -0.0024830775801092386, "0.1": -0.005643982440233231, "0.15": -0.007095330860465765, "0.2": -0.017463263124227524, "0.25": -0.03686873987317085, "0.3": -0.04608204960823059, "0.35": -0.059530287981033325, "0.4": -0.06468174606561661, "0.45": -0.08803340047597885}, "17": {"0.01": -6.876057886984199e-05, "0.05": -0.0030515643302351236, "0.1": -0.005587853491306305, "0.15": -0.0074066054075956345, "0.2": -0.016459066420793533, "0.25": -0.027552926912903786, "0.3": -0.042906224727630615, "0.35": -0.055689480155706406, "0.4": -0.10300169885158539, "0.45": -0.12574456632137299}, "18": {"0.01": -1.5862646023379057e-06, "0.05": -0.00024450288037769496, "0.1": -0.0012113720877096057, "0.15": -0.005302763544023037, "0.2": -0.007637564558535814, "0.25": -0.014817193150520325, "0.3": -0.02429276891052723, "0.35": -0.051992159336805344, "0.4": -0.0876571387052536, "0.45": -0.12079937756061554}, "19": {"0.01": -3.4192944440292194e-05, "0.05": -0.0003837864787783474, "0.1": -0.0034377695992588997, "0.15": -0.00815840344876051, "0.2": -0.013477449305355549, "0.25": -0.028066910803318024, "0.3": -0.04678027704358101, "0.35": -0.06152256578207016, "0.4": -0.08237972110509872, "0.45": -0.10738245397806168}, "20": {"0.01": -0.0001471669675083831, "0.05": -0.002102801576256752, "0.1": -0.004547671880573034, "0.15": -0.010308780707418919, "0.2": -0.026130834594368935, "0.25": -0.03417462855577469, "0.3": -0.05285553261637688, "0.35": -0.08512228727340698, "0.4": -0.12071400135755539, "0.45": -0.1315285563468933}, "21": {"0.01": -6.371225026668981e-05, "0.05": -0.0004223652358632535, "0.1": -0.0022008251398801804, "0.15": -0.00470481812953949, "0.2": -0.00660636555403471, "0.25": -0.016016419976949692, "0.3": -0.029938796535134315, "0.35": -0.03743647411465645, "0.4": -0.05214846879243851, "0.45": -0.06392448395490646}}