{"1": {"0.01": -8.989342313725501e-05, "0.05": -0.0008162627345882356, "0.1": -0.0014128603506833315, "0.15": -0.0021449096966534853, "0.2": -0.0031076183076947927, "0.25": -0.005576529540121555, "0.3": -0.007546163164079189, "0.35": -0.012209753505885601, "0.4": -0.01363708358258009, "0.45": -0.017039671540260315}, "2": {"0.01": -1.331528983428143e-05, "0.05": -0.00015309425361920148, "0.1": -0.00040913699194788933, "0.15": -0.0011312220012769103, "0.2": -0.00234807375818491, "0.25": -0.0035146442241966724, "0.3": -0.005253570154309273, "0.35": -0.006762292701750994, "0.4": -0.01140105165541172, "0.45": -0.02272823080420494}, "3": {"0.01": -2.1337851649150252e-05, "0.05": -0.00025714925141073763, "0.1": -0.0006813067011535168, "0.15": -0.0016280795680359006, "0.2": -0.0024441503919661045, "0.25": -0.0031821008305996656, "0.3": -0.004913943354040384, "0.35": -0.006147619802504778, "0.4": -0.007691579405218363, "0.45": -0.011544687673449516}, "4": {"0.01": -5.2806222811341286e-05, "0.05": -0.0004721608420368284, "0.1": -0.0011214818805456161, "0.15": -0.001752857118844986, "0.2": -0.0027103957254439592, "0.25": -0.0049246326088905334, "0.3": -0.007626031991094351, "0.35": -0.009502854198217392, "0.4": -0.014645972289144993, "0.45": -0.02409321442246437}, "5": {"0.01": -4.08660271205008e-05, "0.05": -0.0005549862398765981, "0.1": -0.0016459667822346091, "0.15": -0.003991288132965565, "0.2": -0.006406765431165695, "0.25": -0.011489707976579666, "0.3": -0.016003530472517014, "0.35": -0.029270470142364502, "0.4": -0.0361381359398365, "0.45": -0.05970513075590134}, "6": {"0.01": -3.3783275284804404e-05, "0.05": -0.00035897898487746716, "0.1": -0.001299976371228695, "0.15": -0.002618970815092325, "0.2": -0.004276872146874666, "0.25": -0.010275503620505333, "0.3": -0.0202132947742939, "0.35": -0.023636726662516594, "0.4": -0.028891634196043015, "0.45": -0.03250458464026451}, "7": {"0.01": -9.263284300686792e-05, "0.05": -0.000847291958052665, "0.1": -0.0018240237841382623, "0.15": -0.002381289144977927, "0.2": -0.0032594932708889246, "0.25": -0.00564500130712986, "0.3": -0.008843116462230682, "0.35": -0.015192732214927673, "0.4": -0.024584831669926643, "0.45": -0.031942617148160934}, "8": {"0.01": -2.5509669285384007e-05, "0.05": -0.0004206246812827885, "0.1": -0.0019493058789521456, "0.15": -0.0034487273078411818, "0.2": -0.005515781231224537, "0.25": -0.006890198215842247, "0.3": -0.013869651593267918, "0.35": -0.02126435935497284, "0.4": -0.028441203758120537, "0.45": -0.03776722773909569}, "9": {"0.01": -5.025904829381034e-05, "0.05": -0.00012669012357946485, "0.1": -0.0007330183289013803, "0.15": -0.0027550305239856243, "0.2": -0.004618499893695116, "0.25": -0.008413274772465229, "0.3": -0.010268401354551315, "0.35": -0.014070838689804077, "0.4": -0.016536451876163483, "0.45": -0.0480363555252552}, "10": {"0.01": -9.666621190262958e-05, "0.05": -0.0005469921743497252, "0.1": -0.0015320172533392906, "0.15": -0.002385449130088091, "0.2": -0.004729838110506535, "0.25": -0.008441555313766003, "0.3": -0.01431549247354269, "0.35": -0.025643611326813698, "0.4": -0.03604600206017494, "0.45": -0.041890114545822144}, "11": {"0.01": -5.062575655756518e-05, "0.05": -0.0003070528618991375, "0.1": -0.0007866512169130147, "0.15": -0.001996853854507208, "0.2": -0.008015729486942291, "0.25": -0.014085383154451847, "0.3": -0.02293776161968708, "0.35": -0.03575211763381958, "0.4": -0.044842664152383804, "0.45": -0.054698873311281204}, "12": {"0.01": -8.391388109885156e-05, "0.05": -0.0001838715106714517, "0.1": -0.0009722662507556379, "0.15": -0.0015931782545521855, "0.2": -0.004284487571567297, "0.25": -0.007482888177037239, "0.3": -0.010939642786979675, "0.35": -0.025599921122193336, "0.4": -0.03759883716702461, "0.45": -0.05475376173853874}, "13": {"0.01": -2.5225383069482632e-05, "0.05": -0.00048330111894756556, "0.1": -0.003121980931609869, "0.15": -0.005768234375864267, "0.2": -0.009616609662771225, "0.25": -0.019799649715423584, "0.3": -0.024820709601044655, "0.35": -0.03478505462408066, "0.4": -0.042936403304338455, "0.45": -0.05377867445349693}, "14": {"0.01": -6.327695155050606e-05, "0.05": -0.00029139764956198633, "0.1": -0.0024508237838745117, "0.15": -0.0066800895147025585, "0.2": -0.013446773402392864, "0.25": -0.03282056003808975, "0.3": -0.04183320328593254, "0.35": -0.06845540553331375, "0.4": -0.09316897392272949, "0.45": -0.11120498180389404}, "15": {"0.01": -0.0001199818798340857, "0.05": -0.0004588488081935793, "0.1": -0.0011786670656874776, "0.15": -0.004768586717545986, "0.2": -0.010057005099952221, "0.25": -0.016096333041787148, "0.3": -0.033952370285987854, "0.35": -0.03871258348226547, "0.4": -0.04976886510848999, "0.45": -0.05881506949663162}, "16": {"0.01": -0.00037626101402565837, "0.05": -0.0015265195397660136, "0.1": -0.005128741264343262, "0.15": -0.01198689453303814, "0.2": -0.01808725856244564, "0.25": -0.03253621235489845, "0.3": -0.048522401601076126, "0.35": -0.0657738745212555, "0.4": -0.0684913918375969, "0.45": -0.10406879335641861}, "17": {"0.01": -0.000244459806708619, "0.05": -0.0006677705096080899, "0.1": -0.0034713554196059704, "0.15": -0.004812424536794424, "0.2": -0.009038257412612438, "0.25": -0.01965670846402645, "0.3": -0.036959461867809296, "0.35": -0.05498921498656273, "0.4": -0.07531070709228516, "0.45": -0.08453181385993958}, "18": {"0.01": -1.1289675967418589e-05, "0.05": -0.001961254980415106, "0.1": -0.006037442479282618, "0.15": -0.009149832651019096, "0.2": -0.017854245379567146, "0.25": -0.03422524780035019, "0.3": -0.052666645497083664, "0.35": -0.08851496130228043, "0.4": -0.09515344351530075, "0.45": -0.12526734173297882}, "19": {"0.01": -9.489323019806761e-06, "0.05": -0.00041973302722908556, "0.1": -0.0008952688076533377, "0.15": -0.0038186926394701004, "0.2": -0.010153600014746189, "0.25": -0.014730394817888737, "0.3": -0.020861513912677765, "0.35": -0.03262382745742798, "0.4": -0.05796485394239426, "0.45": -0.07304659485816956}, "20": {"0.01": -6.451165245380253e-05, "0.05": -0.0004446106613613665, "0.1": -0.002378927543759346, "0.15": -0.005134896375238895, "0.2": -0.012826986610889435, "0.25": -0.022004447877407074, "0.3": -0.02971000038087368, "0.35": -0.042118139564991, "0.4": -0.08651325106620789, "0.45": -0.10297732800245285}, "21": {"0.01": -1.811151196307037e-05, "0.05": -0.0004281025903765112, "0.1": -0.0011361755896359682, "0.15": -0.008425223641097546, "0.2": -0.012084092944860458, "0.25": -0.027519112452864647, "0.3": -0.032510366290807724, "0.35": -0.04284859076142311, "0.4": -0.05985933542251587, "0.45": -0.09145945310592651}}