{"1": {"0.01": -8.755769158597104e-07, "0.05": -0.00015997722221072763, "0.1": -0.0003257830685470253, "0.15": -0.0013042156351730227, "0.2": -0.0026136422529816628, "0.25": -0.003875893075019121, "0.3": -0.009499961510300636, "0.35": -0.012346157804131508, "0.4": -0.01398656889796257, "0.45": -0.02364807017147541}, "2": {"0.01": -3.474919867585413e-05, "0.05": -0.000224547999096103, "0.1": -0.0005908539751544595, "0.15": -0.0020333174616098404, "0.2": -0.005299853626638651, "0.25": -0.008339576423168182, "0.3": -0.014833117835223675, "0.35": -0.01843399554491043, "0.4": -0.020247267559170723, "0.45": -0.03177978843450546}, "3": {"0.01": -1.0239700714009814e-05, "0.05": -9.85773658612743e-05, "0.1": -0.0005812112940475345, "0.15": -0.0016180925304070115, "0.2": -0.002448808401823044, "0.25": -0.005111530888825655, "0.3": -0.007944462820887566, "0.35": -0.014029944315552711, "0.4": -0.028898853808641434, "0.45": -0.03414563089609146}, "4": {"0.01": -1.305679415963823e-05, "0.05": -0.0003447944181971252, "0.1": -0.0008504483848810196, "0.15": -0.0020032189786434174, "0.2": -0.0036466303281486034, "0.25": -0.005585013888776302, "0.3": -0.008510706946253777, "0.35": -0.017536038532853127, "0.4": -0.024540238082408905, "0.45": -0.030315633863210678}, "5": {"0.01": -4.93225161335431e-06, "0.05": -0.00029625670867972076, "0.1": -0.000678101263474673, "0.15": -0.0013998908689245582, "0.2": -0.0037806639447808266, "0.25": -0.007255032192915678, "0.3": -0.009179828688502312, "0.35": -0.018378859385848045, "0.4": -0.02381278946995735, "0.45": -0.034041211009025574}, "6": {"0.01": -4.4521370000438765e-05, "0.05": -0.00016747598419897258, "0.1": -0.00031401918386109173, "0.15": -0.0015569846145808697, "0.2": -0.00261886278167367, "0.25": -0.005005775950849056, "0.3": -0.011517331004142761, "0.35": -0.013999434188008308, "0.4": -0.01708146184682846, "0.45": -0.022323980927467346}, "7": {"0.01": -1.93655323528219e-05, "0.05": -0.00021910664509050548, "0.1": -0.001314087538048625, "0.15": -0.0020766984671354294, "0.2": -0.005074249114841223, "0.25": -0.006413045339286327, "0.3": -0.008187899366021156, "0.35": -0.018021415919065475, "0.4": -0.02509387768805027, "0.45": -0.036960817873477936}, "8": {"0.01": -0.00017920444952324033, "0.05": -0.0007008484099060297, "0.1": -0.0016457595629617572, "0.15": -0.005378367379307747, "0.2": -0.01140366867184639, "0.25": -0.016184456646442413, "0.3": -0.026004640385508537, "0.35": -0.031236080452799797, "0.4": -0.05289844051003456, "0.45": -0.07357348501682281}, "9": {"0.01": -3.2054597340902546e-06, "0.05": -0.00016292733198497444, "0.1": -0.0006246288539841771, "0.15": -0.001849852385930717, "0.2": -0.004044818226248026, "0.25": -0.007874858565628529, "0.3": -0.012610835023224354, "0.35": -0.015465067699551582, "0.4": -0.026487085968255997, "0.45": -0.03370248153805733}, "10": {"0.01": -1.0032751561084297e-05, "0.05": -0.00039480134728364646, "0.1": -0.0015962746692821383, "0.15": -0.0021527023054659367, "0.2": -0.005359268747270107, "0.25": -0.007390602957457304, "0.3": -0.016115788370370865, "0.35": -0.020085444673895836, "0.4": -0.024441644549369812, "0.45": -0.03512519970536232}, "11": {"0.01": -0.0002848286530934274, "0.05": -0.0009311733883805573, "0.1": -0.004302597604691982, "0.15": -0.006459895987063646, "0.2": -0.012181896716356277, "0.25": -0.015184599906206131, "0.3": -0.027041280642151833, "0.35": -0.03340962156653404, "0.4": -0.056380365043878555, "0.45": -0.09105624258518219}, "12": {"0.01": -9.595237315807026e-06, "0.05": -0.00018359653768129647, "0.1": -0.000867567490786314, "0.15": -0.0027150700334459543, "0.2": -0.005345948040485382, "0.25": -0.007145443931221962, "0.3": -0.010002635419368744, "0.35": -0.015119042247533798, "0.4": -0.02735655941069126, "0.45": -0.04966016113758087}, "13": {"0.01": -9.305232379119843e-05, "0.05": -0.0007893472793512046, "0.1": -0.0030857527162879705, "0.15": -0.004384612664580345, "0.2": -0.012195129878818989, "0.25": -0.01761563867330551, "0.3": -0.027279172092676163, "0.35": -0.03921011462807655, "0.4": -0.04438308626413345, "0.45": -0.0811833068728447}, "14": {"0.01": -3.4705873986240476e-05, "0.05": -0.00011710882972693071, "0.1": -0.0011573245283216238, "0.15": -0.0027861492708325386, "0.2": -0.007845782674849033, "0.25": -0.01079433225095272, "0.3": -0.019128020852804184, "0.35": -0.02878347784280777, "0.4": -0.04458053037524223, "0.45": -0.06085984781384468}, "15": {"0.01": -1.2204750419186894e-05, "0.05": -0.00043897394789382815, "0.1": -0.0015735354973003268, "0.15": -0.0031308315228670835, "0.2": -0.006905967369675636, "0.25": -0.012317750602960587, "0.3": -0.01989351212978363, "0.35": -0.024730747565627098, "0.4": -0.03532771021127701, "0.45": -0.04380660876631737}, "16": {"0.01": -5.066910944151459e-06, "0.05": -0.0009209958370774984, "0.1": -0.009136209264397621, "0.15": -0.013972252607345581, "0.2": -0.018810797482728958, "0.25": -0.03355441614985466, "0.3": -0.046609196811914444, "0.35": -0.060285534709692, "0.4": -0.07494888454675674, "0.45": -0.08597832918167114}, "17": {"0.01": -0.0008749421103857458, "0.05": -0.00467520160600543, "0.1": -0.008670689538121223, "0.15": -0.014338437467813492, "0.2": -0.02161078341305256, "0.25": -0.02864878624677658, "0.3": -0.04412278160452843, "0.35": -0.0537601113319397, "0.4": -0.0732731893658638, "0.45": -0.10242599993944168}, "18": {"0.01": -7.997581997187808e-05, "0.05": -0.00039547006599605083, "0.1": -0.0014979474944993854, "0.15": -0.0028056716546416283, "0.2": -0.006104420404881239, "0.25": -0.012713761068880558, "0.3": -0.018275495618581772, "0.35": -0.031051596626639366, "0.4": -0.041531190276145935, "0.45": -0.05123593285679817}, "19": {"0.01": -3.340575858601369e-05, "0.05": -0.00042759254574775696, "0.1": -0.004457521252334118, "0.15": -0.01120919268578291, "0.2": -0.022440679371356964, "0.25": -0.02951894700527191, "0.3": -0.03919903561472893, "0.35": -0.05587010830640793, "0.4": -0.0687345489859581, "0.45": -0.093392513692379}, "20": {"0.01": -6.302510882960632e-05, "0.05": -0.0013163539115339518, "0.1": -0.00486513739451766, "0.15": -0.007203158922493458, "0.2": -0.02046358957886696, "0.25": -0.02863827347755432, "0.3": -0.04181519150733948, "0.35": -0.053364355117082596, "0.4": -0.08145005255937576, "0.45": -0.10788820683956146}, "21": {"0.01": -1.3083870726404712e-05, "0.05": -0.0005688267410732806, "0.1": -0.0022291059140115976, "0.15": -0.009265170432627201, "0.2": -0.018247395753860474, "0.25": -0.02634452097117901, "0.3": -0.03929894417524338, "0.35": -0.05694204568862915, "0.4": -0.09618508070707321, "0.45": -0.13168227672576904}}