{"1": {"0.01": -4.246109710948076e-06, "0.05": -9.614635200705379e-05, "0.1": -0.0003929808153770864, "0.15": -0.0013797959545627236, "0.2": -0.0027817594818770885, "0.25": -0.005520890932530165, "0.3": -0.006894825026392937, "0.35": -0.01048999559134245, "0.4": -0.012760455720126629, "0.45": -0.014556649141013622}, "2": {"0.01": -4.5089480408933014e-05, "0.05": -0.00036324429675005376, "0.1": -0.0015639862976968288, "0.15": -0.002280263463035226, "0.2": -0.003474631579592824, "0.25": -0.006357742473483086, "0.3": -0.007003005128353834, "0.35": -0.010192949324846268, "0.4": -0.013411657884716988, "0.45": -0.022469671443104744}, "3": {"0.01": -1.3924085578764789e-05, "0.05": -0.0003109659592155367, "0.1": -0.0005453111371025443, "0.15": -0.0007636194350197911, "0.2": -0.002264605835080147, "0.25": -0.004450845066457987, "0.3": -0.00959859136492014, "0.35": -0.012310593388974667, "0.4": -0.0169046763330698, "0.45": -0.02509012632071972}, "4": {"0.01": -9.16787212190684e-06, "0.05": -7.588014705106616e-05, "0.1": -0.0007182708941400051, "0.15": -0.0018134159035980701, "0.2": -0.003307107137516141, "0.25": -0.00640918780118227, "0.3": -0.009287492372095585, "0.35": -0.013212908990681171, "0.4": -0.02394559420645237, "0.45": -0.0268978513777256}, "5": {"0.01": -4.191502011963166e-05, "0.05": -0.00023268828226719052, "0.1": -0.0012602175120264292, "0.15": -0.004264341201633215, "0.2": -0.006275482010096312, "0.25": -0.008448104374110699, "0.3": -0.012778643518686295, "0.35": -0.01730058342218399, "0.4": -0.02478582039475441, "0.45": -0.03120943158864975}, "6": {"0.01": -3.6829456803388894e-05, "0.05": -0.00011467297736089677, "0.1": -0.0006372970528900623, "0.15": -0.001114322105422616, "0.2": -0.002952969865873456, "0.25": -0.005383094307035208, "0.3": -0.011625146493315697, "0.35": -0.016473744064569473, "0.4": -0.0212315171957016, "0.45": -0.028877418488264084}, "7": {"0.01": -1.0835684406629298e-05, "0.05": -0.00015757523942738771, "0.1": -0.0012502033496275544, "0.15": -0.006037805695086718, "0.2": -0.008803317323327065, "0.25": -0.014021606184542179, "0.3": -0.017662320286035538, "0.35": -0.02286588028073311, "0.4": -0.03479154035449028, "0.45": -0.045488156378269196}, "8": {"0.01": -4.226158853271045e-05, "0.05": -0.0002437222865410149, "0.1": -0.0019088906701654196, "0.15": -0.004794188309460878, "0.2": -0.00836945977061987, "0.25": -0.01274186186492443, "0.3": -0.024668540805578232, "0.35": -0.03613252937793732, "0.4": -0.045556504279375076, "0.45": -0.05288602411746979}, "9": {"0.01": -4.384286148706451e-05, "0.05": -0.0001510313741164282, "0.1": -0.0018586510559543967, "0.15": -0.0034600268118083477, "0.2": -0.005116866901516914, "0.25": -0.01058090291917324, "0.3": -0.017161918804049492, "0.35": -0.021213743835687637, "0.4": -0.02980825863778591, "0.45": -0.04654467850923538}, "10": {"0.01": -8.307578536914662e-05, "0.05": -0.0009814145741984248, "0.1": -0.0024724588729441166, "0.15": -0.006304966751486063, "0.2": -0.009709891863167286, "0.25": -0.014698144979774952, "0.3": -0.02214352786540985, "0.35": -0.03486136347055435, "0.4": -0.041798368096351624, "0.45": -0.06377971172332764}, "11": {"0.01": -4.9070258683059365e-05, "0.05": -0.0010093189775943756, "0.1": -0.0026011792942881584, "0.15": -0.005952898878604174, "0.2": -0.008337227627635002, "0.25": -0.016094911843538284, "0.3": -0.026349497959017754, "0.35": -0.03835916146636009, "0.4": -0.046830080449581146, "0.45": -0.06567269563674927}, "12": {"0.01": -9.181504537991714e-06, "0.05": -8.894682105164975e-05, "0.1": -0.0007795088458806276, "0.15": -0.0017362982034683228, "0.2": -0.005448393523693085, "0.25": -0.008286618627607822, "0.3": -0.013173570856451988, "0.35": -0.022463154047727585, "0.4": -0.036715421825647354, "0.45": -0.04231632873415947}, "13": {"0.01": -4.839162284042686e-05, "0.05": -0.002902511041611433, "0.1": -0.007377536501735449, "0.15": -0.010228445753455162, "0.2": -0.019725056365132332, "0.25": -0.03601161763072014, "0.3": -0.05581792816519737, "0.35": -0.06577208638191223, "0.4": -0.09542728215456009, "0.45": -0.12421199679374695}, "14": {"0.01": -1.5941508536343463e-05, "0.05": -5.800439976155758e-05, "0.1": -0.0006435545510612428, "0.15": -0.002110640751197934, "0.2": -0.006069662980735302, "0.25": -0.009518415667116642, "0.3": -0.014807292260229588, "0.35": -0.022391371428966522, "0.4": -0.035627782344818115, "0.45": -0.04725918173789978}, "15": {"0.01": -5.881143806618638e-05, "0.05": -0.0004739327996503562, "0.1": -0.0020457194186747074, "0.15": -0.003011952852830291, "0.2": -0.009006345644593239, "0.25": -0.026753416284918785, "0.3": -0.05049867182970047, "0.35": -0.08121155947446823, "0.4": -0.09509722143411636, "0.45": -0.1156993880867958}, "16": {"0.01": -0.00016551828593946993, "0.05": -0.0010183934355154634, "0.1": -0.004060323815792799, "0.15": -0.007329204585403204, "0.2": -0.015160806477069855, "0.25": -0.02146143652498722, "0.3": -0.030190803110599518, "0.35": -0.04182751476764679, "0.4": -0.054922204464673996, "0.45": -0.07238195091485977}, "17": {"0.01": -4.666060340241529e-05, "0.05": -0.0002800070506054908, "0.1": -0.0029023962561041117, "0.15": -0.01000761054456234, "0.2": -0.01643511839210987, "0.25": -0.03421258181333542, "0.3": -0.045668426901102066, "0.35": -0.0710911825299263, "0.4": -0.08107822388410568, "0.45": -0.08837229013442993}, "18": {"0.01": -6.15277303950279e-06, "0.05": -0.0004717839474324137, "0.1": -0.0020556647796183825, "0.15": -0.0037612251471728086, "0.2": -0.007887589745223522, "0.25": -0.013731907121837139, "0.3": -0.02773648127913475, "0.35": -0.03755076602101326, "0.4": -0.04957493767142296, "0.45": -0.06691082566976547}, "19": {"0.01": -0.00025884032947942615, "0.05": -0.0013459319015964866, "0.1": -0.0032675398979336023, "0.15": -0.005814907141029835, "0.2": -0.011924057267606258, "0.25": -0.01850667968392372, "0.3": -0.035541970282793045, "0.35": -0.048459529876708984, "0.4": -0.06557954102754593, "0.45": -0.08521322906017303}, "20": {"0.01": -5.0143280532211065e-05, "0.05": -0.0004018841136712581, "0.1": -0.0045031048357486725, "0.15": -0.009646185673773289, "0.2": -0.014077967964112759, "0.25": -0.024930575862526894, "0.3": -0.039621978998184204, "0.35": -0.05074511095881462, "0.4": -0.07168133556842804, "0.45": -0.08765960484743118}, "21": {"0.01": -8.529757178621367e-05, "0.05": -0.0013577750651165843, "0.1": -0.006993905175477266, "0.15": -0.01183823961764574, "0.2": -0.017610756680369377, "0.25": -0.0461028628051281, "0.3": -0.06407319754362106, "0.35": -0.08232879638671875, "0.4": -0.09214925020933151, "0.45": -0.12253706157207489}}