{"1": {"0.01": -0.0019113658927381039, "0.05": -0.014019109308719635, "0.1": -0.03300626575946808, "0.15": -0.043202031403779984, "0.2": -0.06779573857784271, "0.25": -0.10244517028331757, "0.3": -0.17572112381458282, "0.35": -0.24279962480068207, "0.4": -0.3626731038093567, "0.45": -0.4422988295555115}, "2": {"0.01": -0.0035680830478668213, "0.05": -0.017949499189853668, "0.1": -0.03952740505337715, "0.15": -0.06474598497152328, "0.2": -0.10250105708837509, "0.25": -0.19732291996479034, "0.3": -0.3035028576850891, "0.35": -0.40882912278175354, "0.4": -0.49047279357910156, "0.45": -0.6206149458885193}, "3": {"0.01": -0.0031669538002461195, "0.05": -0.020231010392308235, "0.1": -0.03713490441441536, "0.15": -0.06594808399677277, "0.2": -0.10070645064115524, "0.25": -0.17582666873931885, "0.3": -0.30657172203063965, "0.35": -0.4504987299442291, "0.4": -0.5366295576095581, "0.45": -0.6239408254623413}, "4": {"0.01": -0.0021546820644289255, "0.05": -0.010965756140649319, "0.1": -0.03128428012132645, "0.15": -0.04700789600610733, "0.2": -0.07417396456003189, "0.25": -0.09622730314731598, "0.3": -0.15458282828330994, "0.35": -0.3258638083934784, "0.4": -0.5170665383338928, "0.45": -0.5762202143669128}, "5": {"0.01": -0.0008918414241634309, "0.05": -0.01240613404661417, "0.1": -0.03724784776568413, "0.15": -0.06035160645842552, "0.2": -0.08803164213895798, "0.25": -0.19046789407730103, "0.3": -0.2797653079032898, "0.35": -0.34580427408218384, "0.4": -0.45628634095191956, "0.45": -0.5615958571434021}, "6": {"0.01": -0.0034347493201494217, "0.05": -0.02870156243443489, "0.1": -0.055881209671497345, "0.15": -0.1051691323518753, "0.2": -0.17417007684707642, "0.25": -0.30544212460517883, "0.3": -0.44307851791381836, "0.35": -0.5008736252784729, "0.4": -0.619719386100769, "0.45": -0.7288570404052734}, "7": {"0.01": -0.007117622531950474, "0.05": -0.02042175829410553, "0.1": -0.03941885009407997, "0.15": -0.06462758034467697, "0.2": -0.09746745228767395, "0.25": -0.1629856675863266, "0.3": -0.24878132343292236, "0.35": -0.3028329908847809, "0.4": -0.45512476563453674, "0.45": -0.6032415628433228}, "8": {"0.01": -0.001448892755433917, "0.05": -0.032768093049526215, "0.1": -0.0686839297413826, "0.15": -0.08599041402339935, "0.2": -0.1425369530916214, "0.25": -0.29822036623954773, "0.3": -0.42404529452323914, "0.35": -0.528168261051178, "0.4": -0.6461953520774841, "0.45": -0.7076070308685303}, "9": {"0.01": -0.0020713675767183304, "0.05": -0.013462014496326447, "0.1": -0.05440782010555267, "0.15": -0.08842121809720993, "0.2": -0.1887703388929367, "0.25": -0.2950036823749542, "0.3": -0.3786931335926056, "0.35": -0.47773128747940063, "0.4": -0.6109532713890076, "0.45": -0.7463531494140625}, "10": {"0.01": -0.0008997140103019774, "0.05": -0.010283400304615498, "0.1": -0.07412518560886383, "0.15": -0.12099909782409668, "0.2": -0.208147332072258, "0.25": -0.2896934449672699, "0.3": -0.39170289039611816, "0.35": -0.4644877314567566, "0.4": -0.571015477180481, "0.45": -0.6458914279937744}, "11": {"0.01": -0.0027282843366265297, "0.05": -0.026117347180843353, "0.1": -0.07706782221794128, "0.15": -0.12960954010486603, "0.2": -0.219255730509758, "0.25": -0.30470147728919983, "0.3": -0.42096269130706787, "0.35": -0.5276184678077698, "0.4": -0.6283615827560425, "0.45": -0.6773038506507874}, "12": {"0.01": -0.0018785394495353103, "0.05": -0.01061916071921587, "0.1": -0.04306875914335251, "0.15": -0.07510731369256973, "0.2": -0.1072722002863884, "0.25": -0.18058468401432037, "0.3": -0.30343160033226013, "0.35": -0.3730049729347229, "0.4": -0.4578706920146942, "0.45": -0.526360809803009}, "13": {"0.01": -0.0035480589140206575, "0.05": -0.015818940475583076, "0.1": -0.05896461009979248, "0.15": -0.09580834954977036, "0.2": -0.1679428368806839, "0.25": -0.29242730140686035, "0.3": -0.45961514115333557, "0.35": -0.5633824467658997, "0.4": -0.6273804306983948, "0.45": -0.7122581601142883}, "14": {"0.01": -0.0020854435861110687, "0.05": -0.01617465540766716, "0.1": -0.06416014581918716, "0.15": -0.1339074671268463, "0.2": -0.1768619567155838, "0.25": -0.26822900772094727, "0.3": -0.39327043294906616, "0.35": -0.5369448065757751, "0.4": -0.6034094095230103, "0.45": -0.6918701529502869}, "15": {"0.01": -0.0016859016614034772, "0.05": -0.0224453192204237, "0.1": -0.04247992858290672, "0.15": -0.06292946636676788, "0.2": -0.10415314137935638, "0.25": -0.16425427794456482, "0.3": -0.2602784037590027, "0.35": -0.40137365460395813, "0.4": -0.5575713515281677, "0.45": -0.6510940194129944}, "16": {"0.01": -0.002783493371680379, "0.05": -0.015487381257116795, "0.1": -0.04758913442492485, "0.15": -0.10486283153295517, "0.2": -0.1660986840724945, "0.25": -0.24846093356609344, "0.3": -0.3934521973133087, "0.35": -0.4901958703994751, "0.4": -0.632363498210907, "0.45": -0.7065101265907288}, "17": {"0.01": -0.005545985884964466, "0.05": -0.013702896423637867, "0.1": -0.058681976050138474, "0.15": -0.09344125539064407, "0.2": -0.15378491580486298, "0.25": -0.21392197906970978, "0.3": -0.3543882668018341, "0.35": -0.4935953617095947, "0.4": -0.5814396142959595, "0.45": -0.6700249910354614}, "18": {"0.01": -0.004055397119373083, "0.05": -0.01714511588215828, "0.1": -0.04905153438448906, "0.15": -0.08434110134840012, "0.2": -0.14007438719272614, "0.25": -0.20943734049797058, "0.3": -0.2919011414051056, "0.35": -0.4134295582771301, "0.4": -0.5033237338066101, "0.45": -0.7070333361625671}, "19": {"0.01": -0.002449801890179515, "0.05": -0.011061955243349075, "0.1": -0.0472978800535202, "0.15": -0.10803691297769547, "0.2": -0.17355690896511078, "0.25": -0.24251826107501984, "0.3": -0.3035030961036682, "0.35": -0.47038957476615906, "0.4": -0.5460414290428162, "0.45": -0.6654792428016663}, "20": {"0.01": -0.009087488055229187, "0.05": -0.02494865097105503, "0.1": -0.038952842354774475, "0.15": -0.06286817044019699, "0.2": -0.11400953680276871, "0.25": -0.15886440873146057, "0.3": -0.23271460831165314, "0.35": -0.3734864890575409, "0.4": -0.48975592851638794, "0.45": -0.5721777081489563}, "21": {"0.01": -0.008540971204638481, "0.05": -0.02467629499733448, "0.1": -0.053097471594810486, "0.15": -0.0843941867351532, "0.2": -0.12974917888641357, "0.25": -0.17651712894439697, "0.3": -0.22691701352596283, "0.35": -0.4242631793022156, "0.4": -0.5091848969459534, "0.45": -0.7192785739898682}}