{"1": {"0.01": -0.0012779474491253495, "0.05": -0.007478658109903336, "0.1": -0.01308484561741352, "0.15": -0.03604523837566376, "0.2": -0.05559003725647926, "0.25": -0.07363329082727432, "0.3": -0.10299521684646606, "0.35": -0.20089779794216156, "0.4": -0.24501952528953552, "0.45": -0.4347136318683624}, "2": {"0.01": -0.0013230207841843367, "0.05": -0.00521323224529624, "0.1": -0.01255617756396532, "0.15": -0.03038621135056019, "0.2": -0.052767712622880936, "0.25": -0.08300279080867767, "0.3": -0.13914348185062408, "0.35": -0.16800875961780548, "0.4": -0.21709822118282318, "0.45": -0.26754283905029297}, "3": {"0.01": -0.001486184191890061, "0.05": -0.010778256691992283, "0.1": -0.032450586557388306, "0.15": -0.04249574989080429, "0.2": -0.0789896696805954, "0.25": -0.11686776578426361, "0.3": -0.16354399919509888, "0.35": -0.19749762117862701, "0.4": -0.26295414566993713, "0.45": -0.3890721797943115}, "4": {"0.01": -0.002787041012197733, "0.05": -0.01398363709449768, "0.1": -0.032697662711143494, "0.15": -0.046667687594890594, "0.2": -0.0915675163269043, "0.25": -0.14624229073524475, "0.3": -0.19957983493804932, "0.35": -0.24464881420135498, "0.4": -0.3343043923377991, "0.45": -0.4584207832813263}, "5": {"0.01": -0.005167918745428324, "0.05": -0.024636683985590935, "0.1": -0.04711805656552315, "0.15": -0.06693363934755325, "0.2": -0.13773176074028015, "0.25": -0.1660986840724945, "0.3": -0.2369413822889328, "0.35": -0.32829025387763977, "0.4": -0.4172048270702362, "0.45": -0.5046291351318359}, "6": {"0.01": -0.0025234732311218977, "0.05": -0.015446482226252556, "0.1": -0.031583935022354126, "0.15": -0.0541028268635273, "0.2": -0.07656741887331009, "0.25": -0.11228196322917938, "0.3": -0.1390528529882431, "0.35": -0.18147090077400208, "0.4": -0.2651544511318207, "0.45": -0.3412775993347168}, "7": {"0.01": -0.0012809531763195992, "0.05": -0.015384389087557793, "0.1": -0.029231112450361252, "0.15": -0.0688210055232048, "0.2": -0.10601089149713516, "0.25": -0.19305665791034698, "0.3": -0.27349722385406494, "0.35": -0.36868539452552795, "0.4": -0.4858269691467285, "0.45": -0.565446138381958}, "8": {"0.01": -0.0016792435199022293, "0.05": -0.009682821109890938, "0.1": -0.03202458843588829, "0.15": -0.04183602333068848, "0.2": -0.0626196563243866, "0.25": -0.10903012752532959, "0.3": -0.14031395316123962, "0.35": -0.19429440796375275, "0.4": -0.30427008867263794, "0.45": -0.47713738679885864}, "9": {"0.01": -0.0011677156435325742, "0.05": -0.007534884847700596, "0.1": -0.025622669607400894, "0.15": -0.050818175077438354, "0.2": -0.1046413704752922, "0.25": -0.13383401930332184, "0.3": -0.22944863140583038, "0.35": -0.2737255096435547, "0.4": -0.4179598391056061, "0.45": -0.5245776176452637}, "10": {"0.01": -0.0031078949104994535, "0.05": -0.02505377307534218, "0.1": -0.047231633216142654, "0.15": -0.061106517910957336, "0.2": -0.10250978171825409, "0.25": -0.18538157641887665, "0.3": -0.3144458830356598, "0.35": -0.46241214871406555, "0.4": -0.5469058156013489, "0.45": -0.599906861782074}, "11": {"0.01": -0.001357943401671946, "0.05": -0.011240223422646523, "0.1": -0.025144321843981743, "0.15": -0.062429241836071014, "0.2": -0.10244516283273697, "0.25": -0.20037522912025452, "0.3": -0.24874751269817352, "0.35": -0.3653533458709717, "0.4": -0.4357315003871918, "0.45": -0.5171540975570679}, "12": {"0.01": -0.009649855084717274, "0.05": -0.01805606484413147, "0.1": -0.04710501432418823, "0.15": -0.10051927715539932, "0.2": -0.12760044634342194, "0.25": -0.16398179531097412, "0.3": -0.27093881368637085, "0.35": -0.4234599769115448, "0.4": -0.4708225131034851, "0.45": -0.559124231338501}, "13": {"0.01": -0.0026196523103863, "0.05": -0.015685779973864555, "0.1": -0.029067663475871086, "0.15": -0.055894847959280014, "0.2": -0.08987517654895782, "0.25": -0.14949937164783478, "0.3": -0.20739422738552094, "0.35": -0.35832756757736206, "0.4": -0.44667014479637146, "0.45": -0.5530824661254883}, "14": {"0.01": -0.003972919657826424, "0.05": -0.018229996785521507, "0.1": -0.032994773238897324, "0.15": -0.06471940875053406, "0.2": -0.08601979166269302, "0.25": -0.1358402520418167, "0.3": -0.1730758249759674, "0.35": -0.23125936090946198, "0.4": -0.3428463339805603, "0.45": -0.5263884663581848}, "15": {"0.01": -0.009625379927456379, "0.05": -0.025856927037239075, "0.1": -0.057259347289800644, "0.15": -0.09458263963460922, "0.2": -0.17739859223365784, "0.25": -0.24791041016578674, "0.3": -0.3564732074737549, "0.35": -0.4301188290119171, "0.4": -0.5013270974159241, "0.45": -0.6353107690811157}, "16": {"0.01": -0.010552940890192986, "0.05": -0.028368161991238594, "0.1": -0.06678333878517151, "0.15": -0.13412989675998688, "0.2": -0.17432646453380585, "0.25": -0.23336635529994965, "0.3": -0.37370190024375916, "0.35": -0.4523460865020752, "0.4": -0.5025337934494019, "0.45": -0.5911707878112793}, "17": {"0.01": -0.001967343036085367, "0.05": -0.010818203911185265, "0.1": -0.02259226143360138, "0.15": -0.05916888266801834, "0.2": -0.09580834954977036, "0.25": -0.1293097883462906, "0.3": -0.19869688153266907, "0.35": -0.24302451312541962, "0.4": -0.3176954984664917, "0.45": -0.44350433349609375}, "18": {"0.01": -0.00273791397921741, "0.05": -0.019474489614367485, "0.1": -0.04370453581213951, "0.15": -0.08290388435125351, "0.2": -0.13812999427318573, "0.25": -0.19957983493804932, "0.3": -0.30534908175468445, "0.35": -0.41730573773384094, "0.4": -0.5221145749092102, "0.45": -0.5655001401901245}, "19": {"0.01": -0.00581038324162364, "0.05": -0.01569189317524433, "0.1": -0.028629610314965248, "0.15": -0.04369175434112549, "0.2": -0.09466332197189331, "0.25": -0.13652034103870392, "0.3": -0.22123520076274872, "0.35": -0.2952048182487488, "0.4": -0.37171679735183716, "0.45": -0.48406046628952026}, "20": {"0.01": -0.0015719187213107944, "0.05": -0.019883347675204277, "0.1": -0.04161595180630684, "0.15": -0.0740399956703186, "0.2": -0.09709369391202927, "0.25": -0.1753338873386383, "0.3": -0.2247793972492218, "0.35": -0.31281521916389465, "0.4": -0.39603137969970703, "0.45": -0.48343607783317566}, "21": {"0.01": -0.0016932702856138349, "0.05": -0.016448620706796646, "0.1": -0.036391481757164, "0.15": -0.06406138092279434, "0.2": -0.08619919419288635, "0.25": -0.17306342720985413, "0.3": -0.2734011113643646, "0.35": -0.34140026569366455, "0.4": -0.47984302043914795, "0.45": -0.5220187902450562}}