{"1": {"0.01": -0.002054056152701378, "0.05": -0.0020856563933193684, "0.1": -0.0024683966767042875, "0.15": -0.005245216190814972, "0.2": -0.007142542861402035, "0.25": -0.009950109757483006, "0.3": -0.01126562524586916, "0.35": -0.014477324672043324, "0.4": -0.025023527443408966, "0.45": -0.03640901669859886}, "2": {"0.01": -0.0001993284240597859, "0.05": -0.0008920404361560941, "0.1": -0.003148433053866029, "0.15": -0.004786997102200985, "0.2": -0.00846344418823719, "0.25": -0.00948619656264782, "0.3": -0.012989938259124756, "0.35": -0.013802333734929562, "0.4": -0.019286490976810455, "0.45": -0.020087430253624916}, "3": {"0.01": -0.00027701983344741166, "0.05": -0.001624826225452125, "0.1": -0.0018417155370116234, "0.15": -0.002956272102892399, "0.2": -0.003312228014692664, "0.25": -0.004480746574699879, "0.3": -0.0064472053200006485, "0.35": -0.007927358150482178, "0.4": -0.009584248997271061, "0.45": -0.02008131332695484}, "4": {"0.01": -3.7396599509520456e-05, "0.05": -0.00028997051413170993, "0.1": -0.0011870453599840403, "0.15": -0.002263740636408329, "0.2": -0.004143195226788521, "0.25": -0.005167211871594191, "0.3": -0.005634843371808529, "0.35": -0.007309197448194027, "0.4": -0.009057829156517982, "0.45": -0.012875529006123543}, "5": {"0.01": -1.484204130974831e-05, "0.05": -7.850457768654451e-05, "0.1": -0.00024180459149647504, "0.15": -0.000447193713625893, "0.2": -0.0008860285743139684, "0.25": -0.0012725666165351868, "0.3": -0.002533640479668975, "0.35": -0.0037211626768112183, "0.4": -0.0047127301804721355, "0.45": -0.00667119724676013}, "6": {"0.01": -2.558924643381033e-05, "0.05": -6.965899228816852e-05, "0.1": -0.00013047517859376967, "0.15": -0.00015315262135118246, "0.2": -0.0004904418019577861, "0.25": -0.001034515560604632, "0.3": -0.0012981290929019451, "0.35": -0.0019103753147646785, "0.4": -0.003027956932783127, "0.45": -0.0035312576219439507}, "7": {"0.01": -5.4564490710617974e-05, "0.05": -0.00013909129484090954, "0.1": -0.00114237773232162, "0.15": -0.001350131002254784, "0.2": -0.0024398304522037506, "0.25": -0.003135370323434472, "0.3": -0.009025132283568382, "0.35": -0.01569167524576187, "0.4": -0.01938537321984768, "0.45": -0.032345399260520935}, "8": {"0.01": -5.610102562059183e-06, "0.05": -0.0005516447126865387, "0.1": -0.0008964453008957207, "0.15": -0.001594348344951868, "0.2": -0.0024232908617705107, "0.25": -0.0032841749489307404, "0.3": -0.004420981742441654, "0.35": -0.009695257060229778, "0.4": -0.021170012652873993, "0.45": -0.0299230944365263}, "9": {"0.01": -4.3396870751166716e-05, "0.05": -0.0002703033678699285, "0.1": -0.0006388452602550387, "0.15": -0.0014615121763199568, "0.2": -0.0020769783295691013, "0.25": -0.002858502557501197, "0.3": -0.004982158076018095, "0.35": -0.008617435581982136, "0.4": -0.011826430447399616, "0.45": -0.018519792705774307}, "10": {"0.01": -6.993946590228006e-05, "0.05": -0.00019325647735968232, "0.1": -0.0007595846545882523, "0.15": -0.003787746885791421, "0.2": -0.003929387778043747, "0.25": -0.006626352202147245, "0.3": -0.008245782926678658, "0.35": -0.011527788825333118, "0.4": -0.018968410789966583, "0.45": -0.028385594487190247}, "11": {"0.01": -4.5530318857345264e-06, "0.05": -0.0002570597571320832, "0.1": -0.0006011115037836134, "0.15": -0.0018166251247748733, "0.2": -0.004392113536596298, "0.25": -0.007527095265686512, "0.3": -0.011089690029621124, "0.35": -0.014150144532322884, "0.4": -0.02262864075601101, "0.45": -0.027633825317025185}, "12": {"0.01": -9.19983722269535e-06, "0.05": -0.0007927058031782508, "0.1": -0.0013136290945112705, "0.15": -0.007402338553220034, "0.2": -0.00976325012743473, "0.25": -0.01092417910695076, "0.3": -0.01808946579694748, "0.35": -0.028027262538671494, "0.4": -0.03577711060643196, "0.45": -0.05283075198531151}, "13": {"0.01": -5.0270609790459275e-06, "0.05": -0.00018685775285121053, "0.1": -0.0005843857652507722, "0.15": -0.0011375185567885637, "0.2": -0.00667801545932889, "0.25": -0.01510857604444027, "0.3": -0.021338528022170067, "0.35": -0.030574316158890724, "0.4": -0.052556246519088745, "0.45": -0.058485548943281174}, "14": {"0.01": -8.496723603457212e-05, "0.05": -0.000394833943573758, "0.1": -0.0015634893206879497, "0.15": -0.0044385590590536594, "0.2": -0.01750767044723034, "0.25": -0.02049293927848339, "0.3": -0.02547816000878811, "0.35": -0.03306427597999573, "0.4": -0.04585118219256401, "0.45": -0.08729133754968643}, "15": {"0.01": -4.9706752179190516e-05, "0.05": -0.0006766809383407235, "0.1": -0.00305526633746922, "0.15": -0.010428104549646378, "0.2": -0.023995259776711464, "0.25": -0.03213588520884514, "0.3": -0.035630758851766586, "0.35": -0.04959450289607048, "0.4": -0.0752672329545021, "0.45": -0.08638524264097214}, "16": {"0.01": -5.153587153472472e-06, "0.05": -0.0009614055161364377, "0.1": -0.0023568004835397005, "0.15": -0.0059074764139950275, "0.2": -0.016031941398978233, "0.25": -0.030711380764842033, "0.3": -0.04766736552119255, "0.35": -0.06442221999168396, "0.4": -0.09281406551599503, "0.45": -0.10655035823583603}, "17": {"0.01": -8.02165232016705e-05, "0.05": -0.0011615324765443802, "0.1": -0.006529798731207848, "0.15": -0.013257110491394997, "0.2": -0.02117139659821987, "0.25": -0.037648919969797134, "0.3": -0.07104970514774323, "0.35": -0.07332116365432739, "0.4": -0.08416114002466202, "0.45": -0.15136529505252838}, "18": {"0.01": -0.00021702818048652261, "0.05": -0.0013419515453279018, "0.1": -0.0018949229270219803, "0.15": -0.0018949229270219803, "0.2": -0.011835393495857716, "0.25": -0.021294524893164635, "0.3": -0.03108774684369564, "0.35": -0.046693798154592514, "0.4": -0.06948719918727875, "0.45": -0.07907199114561081}, "19": {"0.01": -9.151835001830477e-06, "0.05": -0.00030494722886942327, "0.1": -0.0012969262897968292, "0.15": -0.0034706827718764544, "0.2": -0.012441202998161316, "0.25": -0.029579292982816696, "0.3": -0.04875430837273598, "0.35": -0.05257915332913399, "0.4": -0.06508876383304596, "0.45": -0.07623021304607391}, "20": {"0.01": -7.13163026375696e-05, "0.05": -0.0011987672187387943, "0.1": -0.003748791990801692, "0.15": -0.013363329693675041, "0.2": -0.017887594178318977, "0.25": -0.02774781733751297, "0.3": -0.03719326853752136, "0.35": -0.05881192907691002, "0.4": -0.060589782893657684, "0.45": -0.1082589253783226}, "21": {"0.01": -7.010652097960701e-06, "0.05": -0.00037850908120162785, "0.1": -0.0034425517078489065, "0.15": -0.008888781070709229, "0.2": -0.014748009853065014, "0.25": -0.02925231121480465, "0.3": -0.030019870027899742, "0.35": -0.060887694358825684, "0.4": -0.10388395935297012, "0.45": -0.14639288187026978}}