{"1": {"0.01": -0.0003338197711855173, "0.05": -0.0020856563933193684, "0.1": -0.0038374820724129677, "0.15": -0.004147822968661785, "0.2": -0.007749153766781092, "0.25": -0.00920564029365778, "0.3": -0.009950109757483006, "0.35": -0.01126562524586916, "0.4": -0.013394127599895, "0.45": -0.025023527443408966}, "2": {"0.01": -0.0001993284240597859, "0.05": -0.0009409880149178207, "0.1": -0.001487214583903551, "0.15": -0.001565579674206674, "0.2": -0.00542437843978405, "0.25": -0.008943288587033749, "0.3": -0.012989938259124756, "0.35": -0.01574249193072319, "0.4": -0.021879414096474648, "0.45": -0.040829505771398544}, "3": {"0.01": -9.509374649496749e-05, "0.05": -0.0010101725347340107, "0.1": -0.0016346690244972706, "0.15": -0.002717710332944989, "0.2": -0.0034509405959397554, "0.25": -0.004480746574699879, "0.3": -0.005579801741987467, "0.35": -0.006519448012113571, "0.4": -0.010254777036607265, "0.45": -0.012719935737550259}, "4": {"0.01": -7.900347554823384e-05, "0.05": -0.0007311778608709574, "0.1": -0.002180961426347494, "0.15": -0.0030941665172576904, "0.2": -0.004536253400146961, "0.25": -0.005282856523990631, "0.3": -0.005596014205366373, "0.35": -0.006639564875513315, "0.4": -0.008764737285673618, "0.45": -0.010263864882290363}, "5": {"0.01": -6.451785156968981e-05, "0.05": -0.00021339755039662123, "0.1": -0.0010009186808019876, "0.15": -0.0014810891589149833, "0.2": -0.0024969158694148064, "0.25": -0.003588664811104536, "0.3": -0.003915267996490002, "0.35": -0.0070477924309670925, "0.4": -0.007974176667630672, "0.45": -0.00918229017406702}, "6": {"0.01": -1.7264290363527834e-05, "0.05": -9.336865332443267e-05, "0.1": -0.0003684036200866103, "0.15": -0.0010063867084681988, "0.2": -0.0011266572400927544, "0.25": -0.0013964157551527023, "0.3": -0.0019079374615103006, "0.35": -0.004053871612995863, "0.4": -0.004917294718325138, "0.45": -0.005528435576707125}, "7": {"0.01": -2.3087370209395885e-05, "0.05": -0.00015788758173584938, "0.1": -0.0004271595098543912, "0.15": -0.0006709551671519876, "0.2": -0.0009395548840984702, "0.25": -0.0012404288863763213, "0.3": -0.001792111899703741, "0.35": -0.0026997944805771112, "0.4": -0.004932447336614132, "0.45": -0.006267822813242674}, "8": {"0.01": -1.0506491889827885e-05, "0.05": -0.00017797338659875095, "0.1": -0.00030110805528238416, "0.15": -0.0005495239165611565, "0.2": -0.0008658609003759921, "0.25": -0.0010600036475807428, "0.3": -0.001995744416490197, "0.35": -0.002808160614222288, "0.4": -0.0032162819989025593, "0.45": -0.010039298795163631}, "9": {"0.01": -1.8014308807323687e-05, "0.05": -7.019784243311733e-05, "0.1": -0.0002615863340906799, "0.15": -0.0007789263618178666, "0.2": -0.0010464871302247047, "0.25": -0.002210332313552499, "0.3": -0.0036491071805357933, "0.35": -0.006424951367080212, "0.4": -0.010255158878862858, "0.45": -0.01167068537324667}, "10": {"0.01": -3.073198604397476e-05, "0.05": -0.00022489530965685844, "0.1": -0.00042705098167061806, "0.15": -0.0007009081891737878, "0.2": -0.0012407859321683645, "0.25": -0.0016327345510944724, "0.3": -0.006773274391889572, "0.35": -0.008978011086583138, "0.4": -0.01594272442162037, "0.45": -0.035411130636930466}, "11": {"0.01": -1.8749951777863316e-05, "0.05": -3.649483187473379e-05, "0.1": -0.0005502737476490438, "0.15": -0.0008585911127738655, "0.2": -0.0018368461169302464, "0.25": -0.0019228440942242742, "0.3": -0.004424396436661482, "0.35": -0.008023115806281567, "0.4": -0.013688853941857815, "0.45": -0.030452167615294456}, "12": {"0.01": -2.7545971533982083e-05, "0.05": -0.0005701318732462823, "0.1": -0.0008885248098522425, "0.15": -0.0015049310168251395, "0.2": -0.0025715124793350697, "0.25": -0.0036370742600411177, "0.3": -0.0048628696240484715, "0.35": -0.009674633853137493, "0.4": -0.029814502224326134, "0.45": -0.07831554859876633}, "13": {"0.01": -2.66850292973686e-05, "0.05": -9.43216000450775e-05, "0.1": -0.0009974319254979491, "0.15": -0.0011854786425828934, "0.2": -0.0024249772541224957, "0.25": -0.0048357718624174595, "0.3": -0.005511773284524679, "0.35": -0.02404487133026123, "0.4": -0.027004113420844078, "0.45": -0.04784827306866646}, "14": {"0.01": -5.5660555517533794e-05, "0.05": -0.0009893686510622501, "0.1": -0.001178627833724022, "0.15": -0.002115455223247409, "0.2": -0.0034101030323654413, "0.25": -0.006773835979402065, "0.3": -0.012273446656763554, "0.35": -0.01802811212837696, "0.4": -0.037737950682640076, "0.45": -0.07660284638404846}, "15": {"0.01": -2.4775241399765946e-05, "0.05": -6.844026211183518e-05, "0.1": -0.0017178480047732592, "0.15": -0.001794481766410172, "0.2": -0.003557915100827813, "0.25": -0.006188619881868362, "0.3": -0.007188322953879833, "0.35": -0.012896908447146416, "0.4": -0.016338946297764778, "0.45": -0.03153138607740402}, "16": {"0.01": -8.271233127743471e-06, "0.05": -0.0014513209462165833, "0.1": -0.0037817037664353848, "0.15": -0.005253229755908251, "0.2": -0.015211036428809166, "0.25": -0.0222361758351326, "0.3": -0.02703171968460083, "0.35": -0.05022788047790527, "0.4": -0.0830593854188919, "0.45": -0.11598597466945648}, "17": {"0.01": -3.403399387025274e-05, "0.05": -0.0002539145352784544, "0.1": -0.002043497283011675, "0.15": -0.0027158567681908607, "0.2": -0.010606968775391579, "0.25": -0.014296218752861023, "0.3": -0.028756115585565567, "0.35": -0.05876240134239197, "0.4": -0.09065893292427063, "0.45": -0.1451369822025299}, "18": {"0.01": -5.464697551360587e-06, "0.05": -0.00015005396562628448, "0.1": -0.0014308919198811054, "0.15": -0.004318391904234886, "0.2": -0.006908820942044258, "0.25": -0.014080986380577087, "0.3": -0.02960202470421791, "0.35": -0.0479489341378212, "0.4": -0.0738334208726883, "0.45": -0.09948137402534485}, "19": {"0.01": -7.996283784450497e-06, "0.05": -8.036538201849908e-05, "0.1": -0.0013375674607232213, "0.15": -0.0018216189928352833, "0.2": -0.003458359045907855, "0.25": -0.006883459165692329, "0.3": -0.014435486868023872, "0.35": -0.02651860937476158, "0.4": -0.034004006534814835, "0.45": -0.1303887516260147}, "20": {"0.01": -9.606169442122336e-06, "0.05": -0.0009185737580992281, "0.1": -0.00167627795599401, "0.15": -0.004348505288362503, "0.2": -0.010661429725587368, "0.25": -0.014214343391358852, "0.3": -0.026647470891475677, "0.35": -0.058352358639240265, "0.4": -0.08786370605230331, "0.45": -0.17222975194454193}, "21": {"0.01": -0.00030178591259755194, "0.05": -0.0012504180194810033, "0.1": -0.002866844180971384, "0.15": -0.0043105920776724815, "0.2": -0.01153171993792057, "0.25": -0.04496335983276367, "0.3": -0.10132148116827011, "0.35": -0.14403504133224487, "0.4": -0.26443397998809814, "0.45": -0.35650694370269775}}