{"1": {"0.01": -0.0003338197711855173, "0.05": -0.002054056152701378, "0.1": -0.0038374820724129677, "0.15": -0.005325910169631243, "0.2": -0.00812394917011261, "0.25": -0.009950109757483006, "0.3": -0.010392338037490845, "0.35": -0.015177535824477673, "0.4": -0.01858925260603428, "0.45": -0.019488342106342316}, "2": {"0.01": -0.00034255662467330694, "0.05": -0.0003700104425661266, "0.1": -0.0008920404361560941, "0.15": -0.0021962602622807026, "0.2": -0.00511121703311801, "0.25": -0.006953013129532337, "0.3": -0.011697848327457905, "0.35": -0.013012407347559929, "0.4": -0.016708262264728546, "0.45": -0.028914038091897964}, "3": {"0.01": -0.0004700007557403296, "0.05": -0.0014546855818480253, "0.1": -0.003035574918612838, "0.15": -0.0031792751979082823, "0.2": -0.00400982890278101, "0.25": -0.004480746574699879, "0.3": -0.004719235934317112, "0.35": -0.006036961916834116, "0.4": -0.01246862206608057, "0.45": -0.015911273658275604}, "4": {"0.01": -2.1005393136874773e-05, "0.05": -0.0018433488439768553, "0.1": -0.00343669718131423, "0.15": -0.003722039284184575, "0.2": -0.004337324760854244, "0.25": -0.007025341968983412, "0.3": -0.008810915984213352, "0.35": -0.010461956262588501, "0.4": -0.016374684870243073, "0.45": -0.02382502518594265}, "5": {"0.01": -3.4774486266542226e-05, "0.05": -0.0003368796606082469, "0.1": -0.001024695229716599, "0.15": -0.0013106735423207283, "0.2": -0.002143760910257697, "0.25": -0.003674374893307686, "0.3": -0.004544225055724382, "0.35": -0.004715989343822002, "0.4": -0.006097505800426006, "0.45": -0.007695700041949749}, "6": {"0.01": -2.847632822522428e-05, "0.05": -0.00024548760848119855, "0.1": -0.0014603163581341505, "0.15": -0.0027147335931658745, "0.2": -0.003980346955358982, "0.25": -0.006161312106996775, "0.3": -0.007973634637892246, "0.35": -0.01395420078188181, "0.4": -0.030852271243929863, "0.45": -0.031995903700590134}, "7": {"0.01": -2.316022801096551e-05, "0.05": -3.5274097172077745e-05, "0.1": -0.00013597380893770605, "0.15": -0.0006618783809244633, "0.2": -0.0011431087041273713, "0.25": -0.0023664229083806276, "0.3": -0.004771644715219736, "0.35": -0.011595986783504486, "0.4": -0.014840543270111084, "0.45": -0.041976626962423325}, "8": {"0.01": -2.3870519726187922e-05, "0.05": -0.00012098933075321838, "0.1": -0.00014234217815101147, "0.15": -0.0005753205623477697, "0.2": -0.002344850916415453, "0.25": -0.0049658603966236115, "0.3": -0.00928528793156147, "0.35": -0.013519450090825558, "0.4": -0.017688637599349022, "0.45": -0.03478224575519562}, "9": {"0.01": -4.7030687710503116e-05, "0.05": -0.000370813679182902, "0.1": -0.0009824265725910664, "0.15": -0.0012488046195358038, "0.2": -0.008026255294680595, "0.25": -0.01200185902416706, "0.3": -0.015418152324855328, "0.35": -0.027823595330119133, "0.4": -0.039664868265390396, "0.45": -0.05519738793373108}, "10": {"0.01": -4.0297440136782825e-05, "0.05": -0.00016755479737184942, "0.1": -0.0005961720016784966, "0.15": -0.002549348631873727, "0.2": -0.006242848001420498, "0.25": -0.016023578122258186, "0.3": -0.01670536957681179, "0.35": -0.02779223583638668, "0.4": -0.03574960678815842, "0.45": -0.04444954916834831}, "11": {"0.01": -5.4182364692678675e-05, "0.05": -0.0006092595285736024, "0.1": -0.0009933959227055311, "0.15": -0.0012674930039793253, "0.2": -0.001942636794410646, "0.25": -0.005302890203893185, "0.3": -0.011847307905554771, "0.35": -0.03057175502181053, "0.4": -0.06195443868637085, "0.45": -0.09243359416723251}, "12": {"0.01": -3.931307583115995e-05, "0.05": -5.4689506214344874e-05, "0.1": -0.00045383707038126886, "0.15": -0.0014320064801722765, "0.2": -0.003772202879190445, "0.25": -0.010668918490409851, "0.3": -0.01922777108848095, "0.35": -0.03518689423799515, "0.4": -0.04416555166244507, "0.45": -0.06194058805704117}, "13": {"0.01": -3.176841710228473e-05, "0.05": -0.0001609295723028481, "0.1": -0.0017846556147560477, "0.15": -0.0030993849504739046, "0.2": -0.00410696305334568, "0.25": -0.011704760603606701, "0.3": -0.017541980370879173, "0.35": -0.027081094682216644, "0.4": -0.05441031977534294, "0.45": -0.09748078137636185}, "14": {"0.01": -2.7976975616184063e-05, "0.05": -7.477161852875724e-05, "0.1": -0.00020731081895064563, "0.15": -0.0021366921719163656, "0.2": -0.010421396233141422, "0.25": -0.01668754778802395, "0.3": -0.02008679509162903, "0.35": -0.036163389682769775, "0.4": -0.03887249156832695, "0.45": -0.057611364871263504}, "15": {"0.01": -1.77859838004224e-05, "0.05": -7.16245558578521e-05, "0.1": -0.0006342826527543366, "0.15": -0.00967271625995636, "0.2": -0.012251096777617931, "0.25": -0.013128135353326797, "0.3": -0.019811511039733887, "0.35": -0.028842026367783546, "0.4": -0.03421185165643692, "0.45": -0.04534844681620598}, "16": {"0.01": -2.7066898837802e-05, "0.05": -0.00031504343496635556, "0.1": -0.0005265242070890963, "0.15": -0.005200664978474379, "0.2": -0.009635002352297306, "0.25": -0.019562644883990288, "0.3": -0.025134509429335594, "0.35": -0.02857719548046589, "0.4": -0.031600914895534515, "0.45": -0.0739629790186882}, "17": {"0.01": -3.069985905312933e-05, "0.05": -8.010082819964737e-05, "0.1": -0.0007067324477247894, "0.15": -0.0013363937614485621, "0.2": -0.004649544134736061, "0.25": -0.016660384833812714, "0.3": -0.03664245828986168, "0.35": -0.04936307668685913, "0.4": -0.055987998843193054, "0.45": -0.14752137660980225}, "18": {"0.01": -5.917942326050252e-05, "0.05": -0.00045731448335573077, "0.1": -0.0028569784481078386, "0.15": -0.014760187827050686, "0.2": -0.020719783380627632, "0.25": -0.023913389071822166, "0.3": -0.033064812421798706, "0.35": -0.039915893226861954, "0.4": -0.04579158127307892, "0.45": -0.09091038256883621}, "19": {"0.01": -1.6390344171668403e-05, "0.05": -0.00017442430544178933, "0.1": -0.0011002160608768463, "0.15": -0.002226854907348752, "0.2": -0.00397404283285141, "0.25": -0.009114130400121212, "0.3": -0.014376924373209476, "0.35": -0.021060815081000328, "0.4": -0.041942745447158813, "0.45": -0.09498772025108337}, "20": {"0.01": -1.5222369256662205e-05, "0.05": -9.064764890354127e-05, "0.1": -0.0009755121427588165, "0.15": -0.009705758653581142, "0.2": -0.02153494954109192, "0.25": -0.026325851678848267, "0.3": -0.05316135287284851, "0.35": -0.07999464869499207, "0.4": -0.10329705476760864, "0.45": -0.2252994328737259}, "21": {"0.01": -7.268301487783901e-06, "0.05": -0.00010690632916521281, "0.1": -0.001971293007954955, "0.15": -0.0069099292159080505, "0.2": -0.013564536347985268, "0.25": -0.028509803116321564, "0.3": -0.045395880937576294, "0.35": -0.08619226515293121, "0.4": -0.21664884686470032, "0.45": -0.32631561160087585}}