{"1": {"0.01": -0.0007731959922239184, "0.05": -0.0010265744058415294, "0.1": -0.0034358217380940914, "0.15": -0.004179858136922121, "0.2": -0.005377595778554678, "0.25": -0.009950109757483006, "0.3": -0.014477324672043324, "0.35": -0.01858925260603428, "0.4": -0.019415445625782013, "0.45": -0.027047203853726387}, "2": {"0.01": -3.44267173204571e-05, "0.05": -0.0007814557757228613, "0.1": -0.0015586530789732933, "0.15": -0.0016514853341504931, "0.2": -0.0042222230695188046, "0.25": -0.004786997102200985, "0.3": -0.005133337806910276, "0.35": -0.008536123670637608, "0.4": -0.013012407347559929, "0.45": -0.01791710965335369}, "3": {"0.01": -3.2964435376925394e-05, "0.05": -7.95751839177683e-05, "0.1": -0.0013732601655647159, "0.15": -0.002717710332944989, "0.2": -0.004288791213184595, "0.25": -0.0047575682401657104, "0.3": -0.00867298524826765, "0.35": -0.009199537336826324, "0.4": -0.012179932557046413, "0.45": -0.02008131332695484}, "4": {"0.01": -4.38003280578414e-06, "0.05": -0.00011667492799460888, "0.1": -0.0019246761221438646, "0.15": -0.00453008059412241, "0.2": -0.005070982035249472, "0.25": -0.00556923495605588, "0.3": -0.006041790824383497, "0.35": -0.0070169768296182156, "0.4": -0.010263864882290363, "0.45": -0.012745079584419727}, "5": {"0.01": -9.532173135085031e-05, "0.05": -0.0003728423034772277, "0.1": -0.0018494895193725824, "0.15": -0.0028485185466706753, "0.2": -0.005266476888209581, "0.25": -0.005288191605359316, "0.3": -0.0068250009790062904, "0.35": -0.008994939737021923, "0.4": -0.009988732635974884, "0.45": -0.013629326596856117}, "6": {"0.01": -5.798554775537923e-05, "0.05": -8.955198427429423e-05, "0.1": -0.0002643211337272078, "0.15": -0.0010773701360449195, "0.2": -0.0014818880008533597, "0.25": -0.002293223049491644, "0.3": -0.004244854673743248, "0.35": -0.004737337585538626, "0.4": -0.005908355116844177, "0.45": -0.006224452052265406}, "7": {"0.01": -1.466227877244819e-05, "0.05": -6.748714076820761e-05, "0.1": -0.00028436590218916535, "0.15": -0.0011938420357182622, "0.2": -0.003017221577465534, "0.25": -0.0037444380577653646, "0.3": -0.005112484563142061, "0.35": -0.01108933612704277, "0.4": -0.01321354415267706, "0.45": -0.03287968784570694}, "8": {"0.01": -6.110454705776647e-06, "0.05": -3.5797962482320145e-05, "0.1": -5.124722156324424e-05, "0.15": -8.420849189860746e-05, "0.2": -0.0003696777857840061, "0.25": -0.002228355035185814, "0.3": -0.004407038912177086, "0.35": -0.005509113892912865, "0.4": -0.010373816825449467, "0.45": -0.013300393708050251}, "9": {"0.01": -2.160862277378328e-05, "0.05": -0.00010490923159522936, "0.1": -0.00046027524513192475, "0.15": -0.001000424730591476, "0.2": -0.00262490869499743, "0.25": -0.0037515934091061354, "0.3": -0.005050247069448233, "0.35": -0.011879869736731052, "0.4": -0.01783529669046402, "0.45": -0.020459575578570366}, "10": {"0.01": -2.3615430109202862e-05, "0.05": -0.00011075356451328844, "0.1": -0.0013262692373245955, "0.15": -0.006612718105316162, "0.2": -0.01809646002948284, "0.25": -0.02069641277194023, "0.3": -0.03060823120176792, "0.35": -0.06768471002578735, "0.4": -0.08094029128551483, "0.45": -0.10674463212490082}, "11": {"0.01": -3.965882569900714e-05, "0.05": -5.2652161684818566e-05, "0.1": -0.00018612637359183282, "0.15": -0.0006588181131519377, "0.2": -0.0019893567077815533, "0.25": -0.0021766507998108864, "0.3": -0.009278858080506325, "0.35": -0.011360558681190014, "0.4": -0.020458711311221123, "0.45": -0.0333111435174942}, "12": {"0.01": -1.6135192709043622e-05, "0.05": -7.935669418657199e-05, "0.1": -0.0004053607117384672, "0.15": -0.0016335216350853443, "0.2": -0.0033948065247386694, "0.25": -0.011645875871181488, "0.3": -0.018361395224928856, "0.35": -0.023759106174111366, "0.4": -0.049288611859083176, "0.45": -0.0587836317718029}, "13": {"0.01": -9.40251902648015e-06, "0.05": -7.128774450393394e-05, "0.1": -0.0009151390404440463, "0.15": -0.0032832014840096235, "0.2": -0.007262877654284239, "0.25": -0.011584589257836342, "0.3": -0.02121087722480297, "0.35": -0.02484043315052986, "0.4": -0.04743960127234459, "0.45": -0.05749133229255676}, "14": {"0.01": -1.7778567780624144e-05, "0.05": -0.00016464147483929992, "0.1": -0.00020623592718038708, "0.15": -0.0013060085475444794, "0.2": -0.0022748017217963934, "0.25": -0.003207982052117586, "0.3": -0.016760367900133133, "0.35": -0.021070929244160652, "0.4": -0.029721980914473534, "0.45": -0.034272752702236176}, "15": {"0.01": -2.5650704628787935e-05, "0.05": -0.0005824366817250848, "0.1": -0.001873378292657435, "0.15": -0.004123263992369175, "0.2": -0.0088368384167552, "0.25": -0.010488907806575298, "0.3": -0.013491738587617874, "0.35": -0.020440565422177315, "0.4": -0.0667777806520462, "0.45": -0.09859147667884827}, "16": {"0.01": -9.055129339685664e-06, "0.05": -2.5665976863820106e-05, "0.1": -0.0009494238765910268, "0.15": -0.0021699946373701096, "0.2": -0.011266287416219711, "0.25": -0.018404901027679443, "0.3": -0.03563275188207626, "0.35": -0.09678702801465988, "0.4": -0.1762995570898056, "0.45": -0.24602815508842468}, "17": {"0.01": -1.702977897366509e-05, "0.05": -0.0007127013523131609, "0.1": -0.001846560393460095, "0.15": -0.004584590904414654, "0.2": -0.013978943228721619, "0.25": -0.020116183906793594, "0.3": -0.02074134536087513, "0.35": -0.02800285816192627, "0.4": -0.05948147550225258, "0.45": -0.08195799589157104}, "18": {"0.01": -1.4074692444410175e-05, "0.05": -0.00039782607927918434, "0.1": -0.0010796742280945182, "0.15": -0.006032888777554035, "0.2": -0.012761187739670277, "0.25": -0.02174493670463562, "0.3": -0.024202866479754448, "0.35": -0.028589369729161263, "0.4": -0.06822448968887329, "0.45": -0.07961483299732208}, "19": {"0.01": -1.3752034647041e-05, "0.05": -5.76567072130274e-05, "0.1": -0.00035185704473406076, "0.15": -0.0014113232027739286, "0.2": -0.0022383518517017365, "0.25": -0.008639047853648663, "0.3": -0.022237015888094902, "0.35": -0.026123415678739548, "0.4": -0.033165086060762405, "0.45": -0.0952061265707016}, "20": {"0.01": -0.00017631462833378464, "0.05": -0.001319839502684772, "0.1": -0.003375378204509616, "0.15": -0.008046376518905163, "0.2": -0.02399744838476181, "0.25": -0.02841196022927761, "0.3": -0.05954182520508766, "0.35": -0.08462470024824142, "0.4": -0.1599828153848648, "0.45": -0.2059767097234726}, "21": {"0.01": -1.3609314919449389e-05, "0.05": -4.183156124781817e-05, "0.1": -0.0002559318672865629, "0.15": -0.0008119406411424279, "0.2": -0.010580779053270817, "0.25": -0.02653728611767292, "0.3": -0.03140108659863472, "0.35": -0.0922490805387497, "0.4": -0.12041334062814713, "0.45": -0.30168288946151733}}