{"1": {"0.01": -2.4043987650657073e-05, "0.05": -0.0010282372822985053, "0.1": -0.002054056152701378, "0.15": -0.003657412948086858, "0.2": -0.005245216190814972, "0.25": -0.007749153766781092, "0.3": -0.009941878728568554, "0.35": -0.010431356728076935, "0.4": -0.014477324672043324, "0.45": -0.02597891166806221}, "2": {"0.01": -3.2325824577128515e-05, "0.05": -7.796602585585788e-05, "0.1": -0.001548976288177073, "0.15": -0.004468778148293495, "0.2": -0.004784405697137117, "0.25": -0.005133337806910276, "0.3": -0.005133337806910276, "0.35": -0.012989938259124756, "0.4": -0.015105927363038063, "0.45": -0.018900249153375626}, "3": {"0.01": -2.2303674995782785e-05, "0.05": -0.0014546855818480253, "0.1": -0.004345553927123547, "0.15": -0.004431095439940691, "0.2": -0.005813141353428364, "0.25": -0.012179932557046413, "0.3": -0.014654342085123062, "0.35": -0.01546604186296463, "0.4": -0.01546604186296463, "0.45": -0.02921813726425171}, "4": {"0.01": -2.879575185943395e-05, "0.05": -0.00197452655993402, "0.1": -0.003675854532048106, "0.15": -0.004016402643173933, "0.2": -0.005316081922501326, "0.25": -0.007796489167958498, "0.3": -0.009504560381174088, "0.35": -0.009939009323716164, "0.4": -0.01445060782134533, "0.45": -0.01445060782134533}, "5": {"0.01": -4.07293664466124e-05, "0.05": -0.00011818730854429305, "0.1": -0.0003572954155970365, "0.15": -0.0009849859634414315, "0.2": -0.0026840923819690943, "0.25": -0.003776735858991742, "0.3": -0.0040137022733688354, "0.35": -0.004348100628703833, "0.4": -0.005338964983820915, "0.45": -0.009345795959234238}, "6": {"0.01": -3.7290548789314926e-05, "0.05": -8.902734407456592e-05, "0.1": -0.00019989734573755413, "0.15": -0.00020890301675535738, "0.2": -0.0009359651012346148, "0.25": -0.002236512489616871, "0.3": -0.003865527454763651, "0.35": -0.004459277726709843, "0.4": -0.008150000125169754, "0.45": -0.00895346887409687}, "7": {"0.01": -6.153513095341623e-05, "0.05": -0.00016412345576100051, "0.1": -0.0004896436585113406, "0.15": -0.0008495967485941947, "0.2": -0.0014324960066005588, "0.25": -0.002369622467085719, "0.3": -0.0031382155138999224, "0.35": -0.00783668365329504, "0.4": -0.02261284925043583, "0.45": -0.03158288821578026}, "8": {"0.01": -6.355946425173897e-06, "0.05": -5.5193231673911214e-05, "0.1": -0.00011180659203091636, "0.15": -0.0016485285013914108, "0.2": -0.0016759593272581697, "0.25": -0.003723805770277977, "0.3": -0.004858248867094517, "0.35": -0.009429920464754105, "0.4": -0.011026863008737564, "0.45": -0.012227879837155342}, "9": {"0.01": -5.022191544412635e-05, "0.05": -7.931919390102848e-05, "0.1": -0.00015747682482469827, "0.15": -0.000670764537062496, "0.2": -0.0011886763386428356, "0.25": -0.00226616021245718, "0.3": -0.005082068499177694, "0.35": -0.007617539260536432, "0.4": -0.0127870487049222, "0.45": -0.014876446686685085}, "10": {"0.01": -4.304444883018732e-05, "0.05": -0.0003463267639745027, "0.1": -0.0014677566941827536, "0.15": -0.0017898055957630277, "0.2": -0.0030680843628942966, "0.25": -0.008140827529132366, "0.3": -0.010233369655907154, "0.35": -0.03311151638627052, "0.4": -0.035902973264455795, "0.45": -0.04048719257116318}, "11": {"0.01": -0.00012005720054730773, "0.05": -0.00028938433388248086, "0.1": -0.0010167862055823207, "0.15": -0.0068535637110471725, "0.2": -0.027005448937416077, "0.25": -0.03179575502872467, "0.3": -0.04068702459335327, "0.35": -0.062025610357522964, "0.4": -0.09307888150215149, "0.45": -0.0951579138636589}, "12": {"0.01": -2.2016698494553566e-05, "0.05": -7.961534720379859e-05, "0.1": -0.0010356355924159288, "0.15": -0.0019329972565174103, "0.2": -0.006706638727337122, "0.25": -0.02028895728290081, "0.3": -0.03238915652036667, "0.35": -0.04023273289203644, "0.4": -0.04894343763589859, "0.45": -0.08413446694612503}, "13": {"0.01": -1.1557546713447664e-05, "0.05": -0.00012971860996913165, "0.1": -0.0002847157884389162, "0.15": -0.0024862440768629313, "0.2": -0.006154973991215229, "0.25": -0.01342899538576603, "0.3": -0.028742587193846703, "0.35": -0.04688764363527298, "0.4": -0.06490343809127808, "0.45": -0.11543077230453491}, "14": {"0.01": -1.3210616998549085e-05, "0.05": -1.3210616998549085e-05, "0.1": -0.0010601269314065576, "0.15": -0.0023513236083090305, "0.2": -0.0040923417545855045, "0.25": -0.011819163337349892, "0.3": -0.022476838901638985, "0.35": -0.028750285506248474, "0.4": -0.05808732658624649, "0.45": -0.11327522248029709}, "15": {"0.01": -9.692565799923614e-05, "0.05": -0.0003938373120035976, "0.1": -0.0021280962973833084, "0.15": -0.009092051535844803, "0.2": -0.010613803751766682, "0.25": -0.01600637100636959, "0.3": -0.029553061351180077, "0.35": -0.04401475936174393, "0.4": -0.07865063101053238, "0.45": -0.1036304384469986}, "16": {"0.01": -2.8491511329775676e-05, "0.05": -0.00026768731186166406, "0.1": -0.0005307990359142423, "0.15": -0.002143350662663579, "0.2": -0.0036404139827936888, "0.25": -0.010036078281700611, "0.3": -0.02967211976647377, "0.35": -0.06294048577547073, "0.4": -0.09627701342105865, "0.45": -0.15638889372348785}, "17": {"0.01": -3.2989883038681e-05, "0.05": -0.00011391009320504963, "0.1": -0.0006569898687303066, "0.15": -0.00216992711648345, "0.2": -0.010413702577352524, "0.25": -0.025290116667747498, "0.3": -0.05828071013092995, "0.35": -0.0634685754776001, "0.4": -0.07554198056459427, "0.45": -0.14788249135017395}, "18": {"0.01": -3.1039999157655984e-05, "0.05": -8.581453585065901e-05, "0.1": -0.001642244285903871, "0.15": -0.00556466868147254, "0.2": -0.010377996601164341, "0.25": -0.01465530600398779, "0.3": -0.024101216346025467, "0.35": -0.04185528680682182, "0.4": -0.05230236425995827, "0.45": -0.0707748532295227}, "19": {"0.01": -2.6436677217134275e-05, "0.05": -0.0006994786090217531, "0.1": -0.0009097353322431445, "0.15": -0.0031178046483546495, "0.2": -0.015593952499330044, "0.25": -0.030984973534941673, "0.3": -0.07343260943889618, "0.35": -0.08319266885519028, "0.4": -0.10675223916769028, "0.45": -0.14892897009849548}, "20": {"0.01": -1.751433046592865e-05, "0.05": -0.0008057764498516917, "0.1": -0.0042510912753641605, "0.15": -0.01095843780785799, "0.2": -0.023879611864686012, "0.25": -0.05154939368367195, "0.3": -0.0766691267490387, "0.35": -0.1088034063577652, "0.4": -0.1855282038450241, "0.45": -0.35835593938827515}, "21": {"0.01": -3.3374468330293894e-05, "0.05": -0.0002503736468497664, "0.1": -0.0007503953529521823, "0.15": -0.0011389137944206595, "0.2": -0.00462042773142457, "0.25": -0.007805761881172657, "0.3": -0.012649075128138065, "0.35": -0.017571760341525078, "0.4": -0.06223919615149498, "0.45": -0.09572656452655792}}